sep=;
"Time";"GrossWeight";"NetWeight";"TareWeight";"CastingRate";"Position"
"2022-12-06 08:49:10";82.475;34.425;48.05;3.093;1
"2022-12-06 08:50:20";82.107;34.057;48.05;3.061;1
"2022-12-06 08:51:30";78.718;30.668;48.05;3.061;1
"2022-12-06 08:52:40";75.236;27.186;48.05;3.061;1
"2022-12-06 08:53:50";76.029;27.979;48.05;3.061;1
"2022-12-06 08:55:00";81.246;33.196;48.05;3.098;1
"2022-12-06 08:56:10";81.361;33.311;48.05;3.489;1
"2022-12-06 08:57:20";80.857;32.807;48.05;3.768;1
"2022-12-06 08:58:30";80.014;31.964;48.05;4.024;1
"2022-12-06 08:59:40";79.043;30.993;48.05;4.085;1
"2022-12-06 09:00:50";79.521;31.471;48.05;4.085;1
"2022-12-06 09:02:00";80.532;32.482;48.05;4.085;1
"2022-12-06 09:03:10";79.086;31.036;48.05;4.085;1
"2022-12-06 09:04:20";79.364;31.314;48.05;4.085;1
"2022-12-06 09:05:30";80.432;32.382;48.05;4.085;1
"2022-12-06 09:06:40";79.025;30.975;48.05;4.085;1
"2022-12-06 09:07:50";79.75;31.7;48.05;4.085;1
"2022-12-06 09:09:00";80.436;32.386;48.05;4.085;1
"2022-12-06 09:10:10";78.993;30.943;48.05;4.085;1
"2022-12-06 09:11:20";79.532;31.482;48.05;4.085;1
"2022-12-06 09:12:30";80.45;32.4;48.05;4.085;1
"2022-12-06 09:13:40";79.025;30.975;48.05;4.085;1
"2022-12-06 09:14:50";79.811;31.761;48.05;4.085;1
"2022-12-06 09:16:00";80.186;32.136;48.05;4.085;1
"2022-12-06 09:17:10";78.814;30.764;48.05;4.085;1
"2022-12-06 09:18:20";80.164;32.114;48.05;4.085;1
"2022-12-06 09:19:30";79.893;31.843;48.05;4.085;1
"2022-12-06 09:20:40";78.825;30.775;48.05;4.085;1
"2022-12-06 09:21:50";80.482;32.432;48.05;4.085;1
"2022-12-06 09:23:00";79.139;31.089;48.05;4.085;1
"2022-12-06 09:24:10";79.621;31.571;48.05;4.085;1
"2022-12-06 09:25:20";80.432;32.382;48.05;4.085;1
"2022-12-06 09:26:30";78.971;30.921;48.05;4.085;1
"2022-12-06 09:27:40";80.029;31.979;48.05;4.085;1
"2022-12-06 09:28:50";79.925;31.875;48.05;4.085;1
"2022-12-06 09:30:00";78.882;30.832;48.05;4.085;1
"2022-12-06 09:31:10";80.2;32.15;48.05;4.085;1
"2022-12-06 09:32:20";79.989;31.939;48.05;4.085;1
"2022-12-06 09:33:30";78.861;30.811;48.05;4.085;1
"2022-12-06 09:34:40";80.268;32.218;48.05;4.085;1
"2022-12-06 09:35:50";79.707;31.657;48.05;4.085;1
"2022-12-06 09:37:00";78.95;30.9;48.05;4.085;1
"2022-12-06 09:38:10";80.311;32.261;48.05;4.085;1
"2022-12-06 09:39:20";79.707;31.657;48.05;4.085;1
"2022-12-06 09:40:30";79.075;31.025;48.05;4.085;1
"2022-12-06 09:41:40";80.489;32.439;48.05;4.085;1
"2022-12-06 09:42:50";79.339;31.289;48.05;4.085;1
"2022-12-06 09:44:00";79.193;31.143;48.05;4.085;1
"2022-12-06 09:45:10";80.457;32.407;48.05;4.085;1
"2022-12-06 09:46:20";79.086;31.036;48.05;4.085;1
"2022-12-06 09:47:30";79.554;31.504;48.05;4.085;1
"2022-12-06 09:48:40";80.4;32.35;48.05;4.085;1
"2022-12-06 09:49:50";78.786;30.736;48.05;4.085;1
"2022-12-06 09:51:00";80.121;32.071;48.05;4.085;1
"2022-12-06 09:52:10";79.754;31.704;48.05;4.085;1
"2022-12-06 09:53:20";78.911;30.861;48.05;4.085;1
"2022-12-06 09:54:30";80.3;32.25;48.05;4.085;1
"2022-12-06 09:55:40";79.914;31.864;48.05;4.085;1
"2022-12-06 09:56:50";78.911;30.861;48.05;4.085;1
"2022-12-06 09:58:00";80.268;32.218;48.05;4.085;1
"2022-12-06 09:59:10";79.971;31.921;48.05;4.085;1
"2022-12-06 10:00:20";80.532;32.482;48.05;4.085;1
"2022-12-06 10:01:30";81.636;33.586;48.05;3.985;1
"2022-12-06 10:02:40";82.089;34.039;48.05;3.636;1
"2022-12-06 10:03:50";81.221;33.171;48.05;3.28;1
"2022-12-06 10:05:00";77.839;29.789;48.05;3.064;1
"2022-12-06 10:06:10";74.282;26.232;48.05;3.061;1
"2022-12-06 10:07:20";72.454;24.404;48.05;3.061;1
"2022-12-06 10:08:30";75.596;27.546;48.05;3.061;1
"2022-12-06 10:09:40";76.375;28.325;48.05;3.222;1
"2022-12-06 10:10:50";76.604;28.554;48.05;3.686;1
"2022-12-06 10:12:00";78.207;30.157;48.05;4.073;1
"2022-12-06 10:13:10";78.993;30.943;48.05;4.085;1
"2022-12-06 10:14:20";78.279;30.229;48.05;4.085;1
"2022-12-06 10:15:30";79.621;31.571;48.05;4.085;1
"2022-12-06 10:16:40";79.721;31.671;48.05;4.085;1
"2022-12-06 10:17:50";78.214;30.164;48.05;4.085;1
"2022-12-06 10:19:00";79.05;31;48.05;4.085;1
"2022-12-06 10:20:10";80.004;31.954;48.05;4.085;1
"2022-12-06 10:21:20";78.568;30.518;48.05;4.085;1
"2022-12-06 10:22:30";78.425;30.375;48.05;4.085;1
"2022-12-06 10:23:40";79.975;31.925;48.05;3.818;1
"2022-12-06 10:24:50";79.414;31.364;48.05;3.575;1
"2022-12-06 10:26:00";78.179;30.129;48.05;3.575;1
"2022-12-06 10:27:10";79.161;31.111;48.05;3.575;1
"2022-12-06 10:28:20";80.054;32.004;48.05;3.575;1
"2022-12-06 10:29:30";78.936;30.886;48.05;3.575;1
"2022-12-06 10:30:40";78.257;30.207;48.05;3.575;1
"2022-12-06 10:31:50";79.264;31.214;48.05;3.575;1
"2022-12-06 10:33:00";80.071;32.021;48.05;3.575;1
"2022-12-06 10:34:10";79.075;31.025;48.05;3.575;1
"2022-12-06 10:35:20";78.129;30.079;48.05;3.575;1
"2022-12-06 10:36:30";79.286;31.236;48.05;3.575;1
"2022-12-06 10:37:40";79.918;31.868;48.05;3.575;1
"2022-12-06 10:38:50";78.536;30.486;48.05;3.575;1
"2022-12-06 10:40:00";78.696;30.646;48.05;3.575;1
"2022-12-06 10:41:10";80.043;31.993;48.05;3.575;1
"2022-12-06 10:42:20";78.8;30.75;48.05;3.794;1
"2022-12-06 10:43:30";78.296;30.246;48.05;4.085;1
"2022-12-06 10:44:40";79.911;31.861;48.05;4.085;1
"2022-12-06 10:45:50";79.364;31.314;48.05;4.085;1
"2022-12-06 10:47:00";78.275;30.225;48.05;4.085;1
"2022-12-06 10:48:10";79.057;31.007;48.05;4.085;1
"2022-12-06 10:49:20";79.943;31.893;48.05;4.085;1
"2022-12-06 10:50:30";78.539;30.489;48.05;4.085;1
"2022-12-06 10:51:40";78.625;30.575;48.05;4.085;1
"2022-12-06 10:52:50";79.932;31.882;48.05;4.085;1
"2022-12-06 10:54:00";79.296;31.246;48.05;4.085;1
"2022-12-06 10:55:10";78.164;30.114;48.05;4.085;1
"2022-12-06 10:56:20";79.339;31.289;48.05;4.085;1
"2022-12-06 10:57:30";79.786;31.736;48.05;4.085;1
"2022-12-06 10:58:40";78.225;30.175;48.05;4.085;1
"2022-12-06 10:59:50";78.8;30.75;48.05;4.085;1
"2022-12-06 11:01:00";80.011;31.961;48.05;4.085;1
"2022-12-06 11:02:10";78.896;30.846;48.05;4.085;1
"2022-12-06 11:03:20";78.286;30.236;48.05;4.085;1
"2022-12-06 11:04:30";79.761;31.711;48.05;4.085;1
"2022-12-06 11:05:40";79.729;31.679;48.05;4.085;1
"2022-12-06 11:06:50";78.404;30.354;48.05;4.085;1
"2022-12-06 11:08:00";78.711;30.661;48.05;4.085;1
"2022-12-06 11:09:10";79.907;31.857;48.05;4.085;1
"2022-12-06 11:10:20";79.646;31.596;48.05;4.085;1
"2022-12-06 11:11:30";80.061;32.011;48.05;3.897;1
"2022-12-06 11:12:40";81.007;32.957;48.05;3.541;1
"2022-12-06 11:13:50";81.746;33.696;48.05;3.191;1
"2022-12-06 11:15:00";81.996;33.946;48.05;3.061;1
"2022-12-06 11:16:10";81.846;33.796;48.05;3.061;1
"2022-12-06 11:17:20";79.021;30.971;48.05;3.061;1
"2022-12-06 11:18:30";75.521;27.471;48.05;3.061;1
"2022-12-06 11:19:40";74.611;26.561;48.05;3.061;1
"2022-12-06 11:20:50";79.279;31.229;48.05;3.061;1
"2022-12-06 11:22:00";78.611;30.561;48.05;3.31;1
"2022-12-06 11:23:10";78.507;30.457;48.05;3.791;1
"2022-12-06 11:24:20";79.882;31.832;48.05;4.085;1
"2022-12-06 11:25:30";78.35;30.3;48.05;4.085;1
"2022-12-06 11:26:40";79.104;31.054;48.05;4.085;1
"2022-12-06 11:27:50";79.396;31.346;48.05;4.085;1
"2022-12-06 11:29:00";78.179;30.129;48.05;4.085;1
"2022-12-06 11:30:10";79.693;31.643;48.05;4.085;1
"2022-12-06 11:31:20";79.139;31.089;48.05;4.085;1
"2022-12-06 11:32:30";78.429;30.379;48.05;4.085;1
"2022-12-06 11:33:40";79.893;31.843;48.05;4.085;1
"2022-12-06 11:34:50";78.354;30.304;48.05;4.085;1
"2022-12-06 11:36:00";79.014;30.964;48.05;4.085;1
"2022-12-06 11:37:10";79.693;31.643;48.05;4.085;1
"2022-12-06 11:38:20";77.993;29.943;48.05;4.085;1
"2022-12-06 11:39:30";79.054;31.004;48.05;4.085;1
"2022-12-06 11:40:40";79.654;31.604;48.05;4.085;1
"2022-12-06 11:41:50";78.236;30.186;48.05;4.085;1
"2022-12-06 11:43:00";78.982;30.932;48.05;4.085;1
"2022-12-06 11:44:10";79.907;31.857;48.05;4.085;1
"2022-12-06 11:45:20";78.221;30.171;48.05;4.085;1
"2022-12-06 11:46:30";79.236;31.186;48.05;4.085;1
"2022-12-06 11:47:40";79.443;31.393;48.05;4.085;1
"2022-12-06 11:48:50";78.182;30.132;48.05;4.085;1
"2022-12-06 11:50:00";79.65;31.6;48.05;4.085;1
"2022-12-06 11:51:10";79.036;30.986;48.05;4.085;1
"2022-12-06 11:52:20";78.325;30.275;48.05;4.085;1
"2022-12-06 11:53:30";79.889;31.839;48.05;4.085;1
"2022-12-06 11:54:40";78.511;30.461;48.05;4.085;1
"2022-12-06 11:55:50";78.571;30.521;48.05;4.085;1
"2022-12-06 11:57:00";79.875;31.825;48.05;4.085;1
"2022-12-06 11:58:10";78.707;30.657;48.05;4.085;1
"2022-12-06 11:59:20";78.671;30.621;48.05;4.085;1
"2022-12-06 12:00:30";79.807;31.757;48.05;4.085;1
"2022-12-06 12:01:40";78.271;30.221;48.05;4.085;1
"2022-12-06 12:02:50";78.882;30.832;48.05;4.085;1
"2022-12-06 12:04:00";79.832;31.782;48.05;4.085;1
"2022-12-06 12:05:10";78.232;30.182;48.05;4.085;1
"2022-12-06 12:06:20";79.279;31.229;48.05;4.085;1
"2022-12-06 12:07:30";79.361;31.311;48.05;4.085;1
"2022-12-06 12:08:40";78.136;30.086;48.05;4.085;1
"2022-12-06 12:09:50";79.832;31.782;48.05;4.085;1
"2022-12-06 12:11:00";78.4;30.35;48.05;4.085;1
"2022-12-06 12:12:10";78.561;30.511;48.05;4.085;1
"2022-12-06 12:13:20";79.821;31.771;48.05;4.085;1
"2022-12-06 12:14:30";78.768;30.718;48.05;4.085;1
"2022-12-06 12:15:40";78.404;30.354;48.05;4.085;1
"2022-12-06 12:16:50";79.914;31.864;48.05;4.085;1
"2022-12-06 12:18:00";78.879;30.829;48.05;4.085;1
"2022-12-06 12:19:10";78.457;30.407;48.05;4.085;1
"2022-12-06 12:20:20";79.779;31.729;48.05;4.085;1
"2022-12-06 12:21:30";78.682;30.632;48.05;4.085;1
"2022-12-06 12:22:40";78.532;30.482;48.05;4.077;1
"2022-12-06 12:23:50";80.036;31.986;48.05;3.823;1
"2022-12-06 12:25:00";77.336;29.286;48.05;3.464;1
"2022-12-06 12:26:10";73.564;25.514;48.05;3.136;1
"2022-12-06 12:27:20";73.25;25.2;48.05;3.061;1
"2022-12-06 12:28:30";76.668;28.618;48.05;3.061;1
"2022-12-06 12:29:40";77.679;29.629;48.05;3.061;1
"2022-12-06 12:30:50";79.046;30.996;48.05;3.061;1
"2022-12-06 12:32:00";78.854;30.804;48.05;3.598;1
"2022-12-06 12:33:10";78.193;30.143;48.05;4.069;1
"2022-12-06 12:34:20";79.839;31.789;48.05;4.09;1
"2022-12-06 12:35:30";79.564;31.514;48.05;4.09;1
"2022-12-06 12:36:40";78.243;30.193;48.05;4.09;1
"2022-12-06 12:37:50";78.936;30.886;48.05;4.09;1
"2022-12-06 12:39:00";79.982;31.932;48.05;4.09;1
"2022-12-06 12:40:10";78.811;30.761;48.05;4.09;1
"2022-12-06 12:41:20";78.293;30.243;48.05;4.09;1
"2022-12-06 12:42:30";79.875;31.825;48.05;4.09;1
"2022-12-06 12:43:40";79.379;31.329;48.05;4.09;1
"2022-12-06 12:44:50";78.111;30.061;48.05;4.09;1
"2022-12-06 12:46:00";79.043;30.993;48.05;4.09;1
"2022-12-06 12:47:10";79.957;31.907;48.05;4.09;1
"2022-12-06 12:48:20";79.039;30.989;48.05;4.09;1
"2022-12-06 12:49:30";78.225;30.175;48.05;4.09;1
"2022-12-06 12:50:40";79.4;31.35;48.05;4.09;1
"2022-12-06 12:51:50";79.911;31.861;48.05;4.09;1
"2022-12-06 12:53:00";78.543;30.493;48.05;4.09;1
"2022-12-06 12:54:10";78.504;30.454;48.05;4.09;1
"2022-12-06 12:55:20";79.85;31.8;48.05;4.09;1
"2022-12-06 12:56:30";79.511;31.461;48.05;4.09;1
"2022-12-06 12:57:40";78.339;30.289;48.05;4.09;1
"2022-12-06 12:58:50";78.811;30.761;48.05;4.09;1
"2022-12-06 13:00:00";79.932;31.882;48.05;4.09;1
"2022-12-06 13:01:10";78.532;30.482;48.05;4.09;1
"2022-12-06 13:02:20";78.443;30.393;48.05;4.09;1
"2022-12-06 13:03:30";79.95;31.9;48.05;4.09;1
"2022-12-06 13:04:40";79.114;31.064;48.05;4.09;1
"2022-12-06 13:05:50";78.218;30.168;48.05;4.09;1
"2022-12-06 13:07:00";79.732;31.682;48.05;4.09;1
"2022-12-06 13:08:10";79.479;31.429;48.05;4.09;1
"2022-12-06 13:09:20";78.139;30.089;48.05;4.09;1
"2022-12-06 13:10:30";79.275;31.225;48.05;4.09;1
"2022-12-06 13:11:40";79.929;31.879;48.05;4.09;1
"2022-12-06 13:12:50";79.086;31.036;48.05;4.09;1
"2022-12-06 13:14:00";78.243;30.193;48.05;4.09;1
"2022-12-06 13:15:10";79.007;30.957;48.05;4.09;1
"2022-12-06 13:16:20";80.039;31.989;48.05;4.09;1
"2022-12-06 13:17:30";78.857;30.807;48.05;4.09;1
"2022-12-06 13:18:40";78.261;30.211;48.05;4.09;1
"2022-12-06 13:19:50";79.443;31.393;48.05;4.09;1
"2022-12-06 13:21:00";79.968;31.918;48.05;4.09;1
"2022-12-06 13:22:10";78.732;30.682;48.05;4.09;1
"2022-12-06 13:23:20";78.296;30.246;48.05;4.09;1
"2022-12-06 13:24:30";79.582;31.532;48.05;4.09;1
"2022-12-06 13:25:40";79.757;31.707;48.05;4.09;1
"2022-12-06 13:26:50";78.111;30.061;48.05;4.09;1
"2022-12-06 13:28:00";79.829;31.779;48.05;4.09;1
"2022-12-06 13:29:10";82.668;34.618;48.05;4.09;1
"2022-12-06 13:30:20";82.918;34.868;48.05;4.09;1
"2022-12-06 13:31:30";83.357;35.307;48.05;3.968;1
"2022-12-06 13:32:40";84.371;36.321;48.05;3.517;1
"2022-12-06 13:33:50";82.764;34.714;48.05;2.892;1
"2022-12-06 13:35:00";79.825;31.775;48.05;2.548;1
"2022-12-06 13:36:10";76.893;28.843;48.05;2.548;1
"2022-12-06 13:37:20";73.993;25.943;48.05;2.428;1
"2022-12-06 13:38:30";71.489;23.439;48.05;2.04;1
"2022-12-06 13:39:40";69.161;21.111;48.05;2.018;1
"2022-12-06 13:40:50";67.154;19.104;48.05;1.403;1
"2022-12-06 13:42:00";65.893;17.843;48.05;1.02;1
"2022-12-06 13:43:10";64.739;16.689;48.05;1.02;1
"2022-12-06 13:44:20";63.571;15.521;48.05;1.02;1
"2022-12-06 13:45:30";62.596;14.546;48.05;0.634;1
"2022-12-06 13:46:40";61.989;13.939;48.05;0.545;1
"2022-12-06 13:47:50";61.325;13.275;48.05;0.598;1
"2022-12-06 13:49:00";60.679;12.629;48.05;0.598;1
"2022-12-06 13:50:10";59.982;11.932;48.05;0.579;1
"2022-12-06 13:51:20";59.629;11.579;48.05;0.133;0.714
"2022-12-06 13:52:30";59.518;4.925;48.05;0;0
"2022-12-06 13:53:40";59.45;0;48.05;0;0
"2022-12-06 13:54:50";59.45;0;48.05;0;0
"2022-12-06 13:56:00";59.379;0;48.05;0;0
"2022-12-06 13:57:10";55.904;0;48.05;0;0
"2022-12-06 13:58:20";53.743;0;48.05;0;0
"2022-12-06 13:59:30";53.796;0;48.05;0;0
"2022-12-06 14:00:40";15.4;0;48.05;0;0
"2022-12-06 14:01:50";0.35;0;48.05;0;0
"2022-12-06 14:03:00";0.35;0;48.05;0;0
"2022-12-06 14:04:10";0.371;0;48.05;0;0
"2022-12-06 14:05:20";0.396;0;48.05;0;0
"2022-12-06 14:06:30";0.4;0;48.05;0;0
"2022-12-06 14:07:40";0.4;0;48.05;0;0
"2022-12-06 14:08:50";0.421;0;48.05;0;0
"2022-12-06 14:10:00";37.836;0;48.05;0;0
"2022-12-06 14:11:10";40.643;0;48.05;0;0
"2022-12-06 14:12:20";40.725;0;48.05;0;0
"2022-12-06 14:13:30";43.361;0;48.05;0;0
"2022-12-06 14:14:40";46.143;0;48.05;0;0
"2022-12-06 14:15:50";46.186;0;48.05;0;0
"2022-12-06 14:17:00";46.2;0;48.05;0;0
"2022-12-06 14:18:10";46.2;0;48.05;0;0
"2022-12-06 14:19:20";46.157;0;48.05;0;0
"2022-12-06 14:20:30";46.393;0;48.05;0;0
"2022-12-06 14:21:40";46.475;0;48.05;0;0
"2022-12-06 14:22:50";46.393;0;48.05;0;0
"2022-12-06 14:24:00";47.096;0;48.05;0;0
"2022-12-06 14:25:10";47.85;0;48.05;0;0
"2022-12-06 14:26:20";47.854;0;48.05;0;0
"2022-12-06 14:27:30";47.871;0;48.05;0;0
"2022-12-06 14:28:40";47.85;0;48.05;0;0
"2022-12-06 14:29:50";47.85;0;48.05;0;0
"2022-12-06 14:31:00";47.85;0;48.05;0;0
"2022-12-06 14:32:10";47.846;0;48.05;0;0
"2022-12-06 14:33:20";47.846;0;48.05;0;0
"2022-12-06 14:34:30";47.839;0;48.05;0;0
"2022-12-06 14:35:40";47.843;0;48.05;0;0
"2022-12-06 14:36:50";47.832;0;48.05;0;0
"2022-12-06 14:38:00";47.839;0;48.05;0;0
"2022-12-06 14:39:10";47.85;0;48.05;0;0
"2022-12-06 14:40:20";47.85;0;48.05;0;0
"2022-12-06 14:41:30";47.85;0;48.05;0;0
"2022-12-06 14:42:40";47.85;0;48.05;0;0
"2022-12-06 14:43:50";47.85;0;48.05;0;0
"2022-12-06 14:45:00";47.85;0;48.05;0;0
"2022-12-06 14:46:10";47.85;0;48.05;0;0
"2022-12-06 14:47:20";47.85;0;48.05;0;0
"2022-12-06 14:48:30";47.85;0;48.05;0;0
"2022-12-06 14:49:40";47.85;0;48.05;0;0
"2022-12-06 14:50:50";47.85;0;48.05;0;0
"2022-12-06 14:52:00";47.85;0;48.05;0;0
"2022-12-06 14:53:10";47.85;0;48.05;0;0
"2022-12-06 14:54:20";47.85;0;48.05;0;0
"2022-12-06 14:55:30";47.857;0;48.05;0;0
"2022-12-06 14:56:40";47.9;0;48.05;0;0
"2022-12-06 14:57:50";47.9;0;48.05;0;0
"2022-12-06 14:59:00";47.9;0;48.05;0;0
"2022-12-06 15:00:10";47.896;0;48.05;0;0
"2022-12-06 15:01:20";47.896;0;48.05;0;0
"2022-12-06 15:02:30";47.9;0;48.05;0;0
"2022-12-06 15:03:40";47.9;0;48.05;0;0
"2022-12-06 15:04:50";47.9;0;48.05;0;0
"2022-12-06 15:06:00";47.9;0;48.05;0;0
"2022-12-06 15:07:10";47.9;0;48.05;0;0
"2022-12-06 15:08:20";47.9;0;48.05;0;0
"2022-12-06 15:09:30";47.9;0;48.05;0;0
"2022-12-06 15:10:40";47.9;0;48.05;0;0
"2022-12-06 15:11:50";47.9;0;48.05;0;0
"2022-12-06 15:13:00";47.9;0;48.05;0;0
"2022-12-06 15:14:10";47.9;0;48.05;0;0
"2022-12-06 15:15:20";47.9;0;48.05;0;0
"2022-12-06 15:16:30";47.9;0;48.05;0;0
"2022-12-06 15:17:40";47.9;0;48.05;0;0
"2022-12-06 15:18:50";47.943;0;48.05;0;0
"2022-12-06 15:20:00";47.95;0;48.05;0;0
"2022-12-06 15:21:10";47.932;0;48.05;0;0
"2022-12-06 15:22:20";47.95;0;48.05;0;0
"2022-12-06 15:23:30";47.936;0;48.05;0;0
"2022-12-06 15:24:40";47.914;0;48.05;0;0
"2022-12-06 15:25:50";47.95;0;48.05;0;0
"2022-12-06 15:27:00";47.95;0;48.05;0;0
"2022-12-06 15:28:10";47.95;0;48.05;0;0
"2022-12-06 15:29:20";47.95;0;48.05;0;0
"2022-12-06 15:30:30";47.95;0;48.05;0;0
"2022-12-06 15:31:40";47.95;0;48.05;0;0
"2022-12-06 15:32:50";47.95;0;48.05;0;0
"2022-12-06 15:34:00";47.95;0;48.05;0;0
"2022-12-06 15:35:10";47.95;0;48.05;0;0
"2022-12-06 15:36:20";47.95;0;48.05;0;0
"2022-12-06 15:37:30";47.95;0;48.05;0;0
"2022-12-06 15:38:40";47.95;0;48.05;0;0
"2022-12-06 15:39:50";47.95;0;48.05;0;0
"2022-12-06 15:41:00";47.95;0;48.05;0;0
"2022-12-06 15:42:10";47.95;0;48.05;0;0
"2022-12-06 15:43:20";47.95;0;48.05;0;0
"2022-12-06 15:44:30";47.95;0;48.05;0;0
"2022-12-06 15:45:40";47.95;0;48.05;0;0
"2022-12-06 15:46:50";47.95;0;48.05;0;0
"2022-12-06 15:48:00";47.95;0;48.05;0;0
"2022-12-06 15:49:10";47.964;0;48.05;0;0
"2022-12-06 15:50:20";47.968;0;48.05;0;0
"2022-12-06 15:51:30";47.95;0;48.05;0;0
"2022-12-06 15:52:40";47.95;0;48.05;0;0
"2022-12-06 15:53:50";47.95;0;48.05;0;0
"2022-12-06 15:55:00";47.95;0;48.05;0;0
"2022-12-06 15:56:10";47.95;0;48.05;0;0
"2022-12-06 15:57:20";47.961;0;48.05;0;0
"2022-12-06 15:58:30";47.95;0;48.05;0;0
"2022-12-06 15:59:40";47.95;0;48.05;0;0
"2022-12-06 16:00:50";47.95;0;48.05;0;0
"2022-12-06 16:02:00";47.95;0;48.05;0;0
"2022-12-06 16:03:10";47.961;0;48.05;0;0
"2022-12-06 16:04:20";47.961;0;48.05;0;0
"2022-12-06 16:05:30";47.95;0;48.05;0;0
"2022-12-06 16:06:40";47.95;0;48.05;0;0
"2022-12-06 16:07:50";47.95;0;48.05;0;0
"2022-12-06 16:09:00";47.95;0;48.05;0;0
"2022-12-06 16:10:10";47.95;0;48.05;0;0
"2022-12-06 16:11:20";47.971;0;48.05;0;0
"2022-12-06 16:12:30";47.979;0;48.05;0;0
"2022-12-06 16:13:40";47.961;0;48.05;0;0
"2022-12-06 16:14:50";47.957;0;48.05;0;0
"2022-12-06 16:16:00";47.95;0;48.05;0;0
"2022-12-06 16:17:10";47.95;0;48.05;0;0
"2022-12-06 16:18:20";47.95;0;48.05;0;0
"2022-12-06 16:19:30";47.95;0;48.05;0;0
"2022-12-06 16:20:40";47.95;0;48.05;0;0
"2022-12-06 16:21:50";47.989;0;48.05;0;0
"2022-12-06 16:23:00";47.982;0;48.05;0;0
"2022-12-06 16:24:10";47.964;0;48.05;0;0
"2022-12-06 16:25:20";47.95;0;48.05;0;0
"2022-12-06 16:26:30";47.95;0;48.05;0;0
"2022-12-06 16:27:40";47.95;0;48.05;0;0
"2022-12-06 16:28:50";47.95;0;48.05;0;0
"2022-12-06 16:30:00";48;0;48.05;0;0
"2022-12-06 16:31:10";47.993;0;48.05;0;0
"2022-12-06 16:32:20";47.986;0;48.05;0;0
"2022-12-06 16:33:30";47.964;0;48.05;0;0
"2022-12-06 16:34:40";47.957;0;48.05;0;0
"2022-12-06 16:35:50";47.95;0;48.05;0;0
"2022-12-06 16:37:00";47.95;0;48.05;0;0
"2022-12-06 16:38:10";47.95;0;48.05;0;0
"2022-12-06 16:39:20";47.993;0;48.05;0;0
"2022-12-06 16:40:30";47.996;0;48.05;0;0
"2022-12-06 16:41:40";48;0;48.05;0;0
"2022-12-06 16:42:50";47.989;0;48.05;0;0
"2022-12-06 16:44:00";47.968;0;48.05;0;0
"2022-12-06 16:45:10";47.964;0;48.05;0;0
"2022-12-06 16:46:20";47.957;0;48.05;0;0
"2022-12-06 16:47:30";47.95;0;48.05;0;0
"2022-12-06 16:48:40";48;0;48.05;0;0
"2022-12-06 16:49:50";48;0;48.05;0;0
"2022-12-06 16:51:00";47.989;0;48.05;0;0
"2022-12-06 16:52:10";47.986;0;48.05;0;0
"2022-12-06 16:53:20";47.957;0;48.05;0;0
"2022-12-06 16:54:30";47.95;0;48.05;0;0
"2022-12-06 16:55:40";47.95;0;48.05;0;0
"2022-12-06 16:56:50";47.95;0;48.05;0;0
"2022-12-06 16:58:00";47.971;0;48.05;0;0
"2022-12-06 16:59:10";48;0;48.05;0;0
"2022-12-06 17:00:20";47.993;0;48.05;0;0
"2022-12-06 17:01:30";47.961;0;48.05;0;0
"2022-12-06 17:02:40";47.95;0;48.05;0;0
"2022-12-06 17:03:50";47.95;0;48.05;0;0
"2022-12-06 17:05:00";47.95;0;48.05;0;0
"2022-12-06 17:06:10";47.95;0;48.05;0;0
"2022-12-06 17:07:20";47.95;0;48.05;0;0
"2022-12-06 17:08:30";47.95;0;48.05;0;0
"2022-12-06 17:09:40";47.95;0;48.05;0;0
"2022-12-06 17:10:50";47.95;0;48.05;0;0
"2022-12-06 17:12:00";47.95;0;48.05;0;0
"2022-12-06 17:13:10";47.95;0;48.05;0;0
"2022-12-06 17:14:20";47.95;0;48.05;0;0
"2022-12-06 17:15:30";47.95;0;48.05;0;0
"2022-12-06 17:16:40";47.95;0;48.05;0;0
"2022-12-06 17:17:50";47.95;0;48.05;0;0
"2022-12-06 17:19:00";47.307;0;48.05;0;0
"2022-12-06 17:20:10";46.525;0;48.05;0;0
"2022-12-06 17:21:20";46.493;0;48.05;0;0.5
"2022-12-06 17:22:30";46.214;0;46.693;0;1
"2022-12-06 17:23:40";53.904;7.754;46.15;0;1
"2022-12-06 17:24:50";70.6;24.45;46.15;0;1
"2022-12-06 17:26:00";76.232;30.082;46.15;0.692;1
"2022-12-06 17:27:10";77.239;31.089;46.15;1.276;1
"2022-12-06 17:28:20";77.482;31.332;46.15;1.963;1
"2022-12-06 17:29:30";76.554;30.404;46.15;2.557;1
"2022-12-06 17:30:40";77.746;31.596;46.15;2.983;1
"2022-12-06 17:31:50";78.414;32.264;46.15;3.652;1
"2022-12-06 17:33:00";76.782;30.632;46.15;4.094;1
"2022-12-06 17:34:10";77.154;31.004;46.15;4.094;1
"2022-12-06 17:35:20";78.596;32.446;46.15;4.094;1
"2022-12-06 17:36:30";76.854;30.704;46.15;4.094;1
"2022-12-06 17:37:40";77.157;31.007;46.15;4.094;1
"2022-12-06 17:38:50";78.543;32.393;46.15;4.094;1
"2022-12-06 17:40:00";77.439;31.289;46.15;4.094;1
"2022-12-06 17:41:10";76.921;30.771;46.15;4.094;1
"2022-12-06 17:42:20";78.564;32.414;46.15;4.094;1
"2022-12-06 17:43:30";77.6;31.45;46.15;4.094;1
"2022-12-06 17:44:40";76.586;30.436;46.15;4.094;1
"2022-12-06 17:45:50";78.357;32.207;46.15;4.094;1
"2022-12-06 17:47:00";77.707;31.557;46.15;4.094;1
"2022-12-06 17:48:10";76.579;30.429;46.15;4.094;1
"2022-12-06 17:49:20";78.396;32.246;46.15;4.094;1
"2022-12-06 17:50:30";77.643;31.493;46.15;4.094;1
"2022-12-06 17:51:40";76.639;30.489;46.15;4.094;1
"2022-12-06 17:52:50";78.539;32.389;46.15;4.094;1
"2022-12-06 17:54:00";77.493;31.343;46.15;4.094;1
"2022-12-06 17:55:10";76.818;30.668;46.15;4.094;1
"2022-12-06 17:56:20";78.414;32.264;46.15;4.094;1
"2022-12-06 17:57:30";77.829;31.679;46.15;4.094;1
"2022-12-06 17:58:40";76.754;30.604;46.15;4.094;1
"2022-12-06 17:59:50";78.189;32.039;46.15;4.094;1
"2022-12-06 18:01:00";78.164;32.014;46.15;4.094;1
"2022-12-06 18:02:10";76.671;30.521;46.15;4.094;1
"2022-12-06 18:03:20";77.439;31.289;46.15;4.094;1
"2022-12-06 18:04:30";78.632;32.482;46.15;4.094;1
"2022-12-06 18:05:40";77.264;31.114;46.15;4.094;1
"2022-12-06 18:06:50";76.796;30.646;46.15;4.094;1
"2022-12-06 18:08:00";78.179;32.029;46.15;4.094;1
"2022-12-06 18:09:10";78.193;32.043;46.15;4.094;1
"2022-12-06 18:10:20";76.775;30.625;46.15;4.094;1
"2022-12-06 18:11:30";77.629;31.479;46.15;4.094;1
"2022-12-06 18:12:40";78.482;32.332;46.15;4.094;1
"2022-12-06 18:13:50";76.796;30.646;46.15;4.094;1
"2022-12-06 18:15:00";77.179;31.029;46.15;4.094;1
"2022-12-06 18:16:10";78.529;32.379;46.15;4.094;1
"2022-12-06 18:17:20";77.586;31.436;46.15;4.094;1
"2022-12-06 18:18:30";76.718;30.568;46.15;4.094;1
"2022-12-06 18:19:40";78.182;32.032;46.15;4.094;1
"2022-12-06 18:20:50";78.236;32.086;46.15;4.094;1
"2022-12-06 18:22:00";76.743;30.593;46.15;4.094;1
"2022-12-06 18:23:10";77.111;30.961;46.15;4.094;1
"2022-12-06 18:24:20";78.4;32.25;46.15;4.094;1
"2022-12-06 18:25:30";78.046;31.896;46.15;4.094;1
"2022-12-06 18:26:40";77.768;31.618;46.15;4.094;1
"2022-12-06 18:27:50";79.032;32.882;46.15;4.094;1
"2022-12-06 18:29:00";78.5;32.35;46.15;4.078;1
"2022-12-06 18:30:10";74.261;28.111;46.15;3.78;1
"2022-12-06 18:31:20";69.961;23.811;46.15;3.765;1
"2022-12-06 18:32:30";65.689;19.539;46.15;3.765;1
"2022-12-06 18:33:40";61.539;15.389;46.15;3.467;1
"2022-12-06 18:34:50";58.3;12.15;46.15;2.339;1
"2022-12-06 18:36:00";56.761;10.611;46.15;0.523;1
"2022-12-06 18:37:10";56.854;10.704;46.15;0;0.429
"2022-12-06 18:38:20";56.832;0;46.15;0;0
"2022-12-06 18:39:30";56.807;0;46.15;0;0
"2022-12-06 18:40:40";56.8;0;46.15;0;0
"2022-12-06 18:41:50";56.779;0;46.15;0;0
"2022-12-06 18:43:00";56.593;0;46.15;0;0
"2022-12-06 18:44:10";53.946;0;46.15;0;0
"2022-12-06 18:45:20";51.486;0;46.15;0;0
"2022-12-06 18:46:30";51.221;0;46.15;0;0
"2022-12-06 18:47:40";29.168;0;46.15;0;0
"2022-12-06 18:48:50";0.5;0;46.15;0;0
"2022-12-06 18:50:00";0.5;0;46.15;0;0
"2022-12-06 18:51:10";0.518;0;46.15;0;0
"2022-12-06 18:52:20";0.55;0;46.15;0;0
"2022-12-06 18:53:30";0.55;0;46.15;0;0
"2022-12-06 18:54:40";0.55;0;46.15;0;0
"2022-12-06 18:55:50";0.55;0;46.15;0;0
"2022-12-06 18:57:00";0.55;0;46.15;0;0
"2022-12-06 18:58:10";0.55;0;46.15;0;0
"2022-12-06 18:59:20";0.55;0;46.15;0;0
"2022-12-06 19:00:30";0.55;0;46.15;0;0
"2022-12-06 19:01:40";0.55;0;46.15;0;0
"2022-12-06 19:02:50";0.55;0;46.15;0;0
"2022-12-06 19:04:00";6.507;0;46.15;0;0
"2022-12-06 19:05:10";41.268;0;46.15;0;0
"2022-12-06 19:06:20";43.043;0;46.15;0;0
"2022-12-06 19:07:30";46.75;0;46.15;0;0
"2022-12-06 19:08:40";46.75;0;46.15;0;0
"2022-12-06 19:09:50";46.75;0;46.15;0;0
"2022-12-06 19:11:00";46.693;0;46.15;0;0
"2022-12-06 19:12:10";46.664;0;46.15;0;0
"2022-12-06 19:13:20";46.646;0;46.15;0;0
"2022-12-06 19:14:30";47.064;0;46.15;0;0
"2022-12-06 19:15:40";46.968;0;46.15;0;0
"2022-12-06 19:16:50";48.4;0;46.15;0;0
"2022-12-06 19:18:00";48.85;0;46.15;0;0
"2022-12-06 19:19:10";48.85;0;46.15;0;0
"2022-12-06 19:20:20";48.85;0;46.15;0;0
"2022-12-06 19:21:30";48.85;0;46.15;0;0
"2022-12-06 19:22:40";48.85;0;46.15;0;0
"2022-12-06 19:23:50";48.85;0;46.15;0;0
"2022-12-06 19:25:00";48.85;0;46.15;0;0
"2022-12-06 19:26:10";48.85;0;46.15;0;0
"2022-12-06 19:27:20";48.85;0;46.15;0;0
"2022-12-06 19:28:30";48.85;0;46.15;0;0
"2022-12-06 19:29:40";48.85;0;46.15;0;0
"2022-12-06 19:30:50";48.85;0;46.15;0;0
"2022-12-06 19:32:00";48.854;0;46.15;0;0
"2022-12-06 19:33:10";48.868;0;46.15;0;0
"2022-12-06 19:34:20";48.861;0;46.15;0;0
"2022-12-06 19:35:30";48.864;0;46.15;0;0
"2022-12-06 19:36:40";48.854;0;46.15;0;0
"2022-12-06 19:37:50";48.886;0;46.15;0;0
"2022-12-06 19:39:00";48.9;0;46.15;0;0
"2022-12-06 19:40:10";48.896;0;46.15;0;0
"2022-12-06 19:41:20";48.9;0;46.15;0;0
"2022-12-06 19:42:30";48.9;0;46.15;0;0
"2022-12-06 19:43:40";48.9;0;46.15;0;0
"2022-12-06 19:44:50";48.9;0;46.15;0;0
"2022-12-06 19:46:00";48.9;0;46.15;0;0
"2022-12-06 19:47:10";48.9;0;46.15;0;0
"2022-12-06 19:48:20";48.9;0;46.15;0;0
"2022-12-06 19:49:30";48.9;0;46.15;0;0
"2022-12-06 19:50:40";48.9;0;46.15;0;0
"2022-12-06 19:51:50";48.9;0;46.15;0;0
"2022-12-06 19:53:00";48.9;0;46.15;0;0
"2022-12-06 19:54:10";48.9;0;46.15;0;0
"2022-12-06 19:55:20";48.9;0;46.15;0;0
"2022-12-06 19:56:30";48.9;0;46.15;0;0
"2022-12-06 19:57:40";48.9;0;46.15;0;0
"2022-12-06 19:58:50";48.9;0;46.15;0;0
"2022-12-06 20:00:00";48.9;0;46.15;0;0
"2022-12-06 20:01:10";48.9;0;46.15;0;0
"2022-12-06 20:02:20";48.9;0;46.15;0;0
"2022-12-06 20:03:30";48.9;0;46.15;0;0
"2022-12-06 20:04:40";48.9;0;46.15;0;0
"2022-12-06 20:05:50";48.9;0;46.15;0;0
"2022-12-06 20:07:00";48.9;0;46.15;0;0
"2022-12-06 20:08:10";48.9;0;46.15;0;0
"2022-12-06 20:09:20";48.9;0;46.15;0;0
"2022-12-06 20:10:30";48.9;0;46.15;0;0
"2022-12-06 20:11:40";48.9;0;46.15;0;0
"2022-12-06 20:12:50";48.9;0;46.15;0;0
"2022-12-06 20:14:00";48.9;0;46.15;0;0
"2022-12-06 20:15:10";48.904;0;46.15;0;0
"2022-12-06 20:16:20";48.9;0;46.15;0;0
"2022-12-06 20:17:30";48.911;0;46.15;0;0
"2022-12-06 20:18:40";48.914;0;46.15;0;0
"2022-12-06 20:19:50";48.907;0;46.15;0;0
"2022-12-06 20:21:00";48.932;0;46.15;0;0
"2022-12-06 20:22:10";48.925;0;46.15;0;0
"2022-12-06 20:23:20";48.943;0;46.15;0;0
"2022-12-06 20:24:30";48.939;0;46.15;0;0
"2022-12-06 20:25:40";48.939;0;46.15;0;0
"2022-12-06 20:26:50";48.939;0;46.15;0;0
"2022-12-06 20:28:00";48.95;0;46.15;0;0
"2022-12-06 20:29:10";48.946;0;46.15;0;0
"2022-12-06 20:30:20";48.95;0;46.15;0;0
"2022-12-06 20:31:30";48.95;0;46.15;0;0
"2022-12-06 20:32:40";48.95;0;46.15;0;0
"2022-12-06 20:33:50";48.95;0;46.15;0;0
"2022-12-06 20:35:00";48.946;0;46.15;0;0
"2022-12-06 20:36:10";48.95;0;46.15;0;0
"2022-12-06 20:37:20";48.95;0;46.15;0;0
"2022-12-06 20:38:30";48.95;0;46.15;0;0
"2022-12-06 20:39:40";48.95;0;46.15;0;0
"2022-12-06 20:40:50";48.95;0;46.15;0;0
"2022-12-06 20:42:00";48.95;0;46.15;0;0
"2022-12-06 20:43:10";48.95;0;46.15;0;0
"2022-12-06 20:44:20";48.95;0;46.15;0;0
"2022-12-06 20:45:30";48.95;0;46.15;0;0
"2022-12-06 20:46:40";48.95;0;46.15;0;0
"2022-12-06 20:47:50";48.95;0;46.15;0;0
"2022-12-06 20:49:00";48.95;0;46.15;0;0
"2022-12-06 20:50:10";48.95;0;46.15;0;0
"2022-12-06 20:51:20";48.95;0;46.15;0;0
"2022-12-06 20:52:30";48.95;0;46.15;0;0
"2022-12-06 20:53:40";48.95;0;46.15;0;0
"2022-12-06 20:54:50";48.95;0;46.15;0;0
"2022-12-06 20:56:00";48.95;0;46.15;0;0
"2022-12-06 20:57:10";48.95;0;46.15;0;0
"2022-12-06 20:58:20";48.95;0;46.15;0;0
"2022-12-06 20:59:30";48.95;0;46.15;0;0
"2022-12-06 21:00:40";48.95;0;46.15;0;0
"2022-12-06 21:01:50";48.95;0;46.15;0;0
"2022-12-06 21:03:00";48.95;0;46.15;0;0
"2022-12-06 21:04:10";48.95;0;46.15;0;0
"2022-12-06 21:05:20";48.95;0;46.15;0;0
"2022-12-06 21:06:30";48.95;0;46.15;0;0
"2022-12-06 21:07:40";48.95;0;46.15;0;0
"2022-12-06 21:08:50";48.95;0;46.15;0;0
"2022-12-06 21:10:00";48.95;0;46.15;0;0
"2022-12-06 21:11:10";48.95;0;46.15;0;0
"2022-12-06 21:12:20";48.95;0;46.15;0;0
"2022-12-06 21:13:30";48.95;0;46.15;0;0
"2022-12-06 21:14:40";48.95;0;46.15;0;0
"2022-12-06 21:15:50";48.95;0;46.15;0;0
"2022-12-06 21:17:00";48.95;0;46.15;0;0
"2022-12-06 21:18:10";48.95;0;46.15;0;0
"2022-12-06 21:19:20";48.95;0;46.15;0;0
"2022-12-06 21:20:30";48.95;0;46.15;0;0
"2022-12-06 21:21:40";48.95;0;46.15;0;0
"2022-12-06 21:22:50";48.95;0;46.15;0;0
"2022-12-06 21:24:00";48.95;0;46.15;0;0
"2022-12-06 21:25:10";48.95;0;46.15;0;0
"2022-12-06 21:26:20";48.95;0;46.15;0;0
"2022-12-06 21:27:30";48.95;0;46.15;0;0
"2022-12-06 21:28:40";48.95;0;46.15;0;0
"2022-12-06 21:29:50";48.95;0;46.15;0;0
"2022-12-06 21:31:00";48.95;0;46.15;0;0
"2022-12-06 21:32:10";48.943;0;46.15;0;0
"2022-12-06 21:33:20";48.946;0;46.15;0;0
"2022-12-06 21:34:30";48.95;0;46.15;0;0
"2022-12-06 21:35:40";48.946;0;46.15;0;0
"2022-12-06 21:36:50";48.95;0;46.15;0;0
"2022-12-06 21:38:00";48.939;0;46.15;0;0
"2022-12-06 21:39:10";48.925;0;46.15;0;0
"2022-12-06 21:40:20";48.914;0;46.15;0;0
"2022-12-06 21:41:30";48.9;0;46.15;0;0
"2022-12-06 21:42:40";48.904;0;46.15;0;0
"2022-12-06 21:43:50";48.907;0;46.15;0;0
"2022-12-06 21:45:00";48.914;0;46.15;0;0
"2022-12-06 21:46:10";48.936;0;46.15;0;0
"2022-12-06 21:47:20";48.914;0;46.15;0;0
"2022-12-06 21:48:30";48.9;0;46.15;0;0
"2022-12-06 21:49:40";48.921;0;46.15;0;0
"2022-12-06 21:50:50";48.921;0;46.15;0;0
"2022-12-06 21:52:00";48.914;0;46.15;0;0
"2022-12-06 21:53:10";48.921;0;46.15;0;0
"2022-12-06 21:54:20";48.95;0;46.15;0;0
"2022-12-06 21:55:30";48.95;0;46.15;0;0
"2022-12-06 21:56:40";48.946;0;46.15;0;0
"2022-12-06 21:57:50";48.943;0;46.15;0;0
"2022-12-06 21:59:00";48.943;0;46.15;0;0
"2022-12-06 22:00:10";48.95;0;46.15;0;0
"2022-12-06 22:01:20";48.936;0;46.15;0;0
"2022-12-06 22:02:30";48.939;0;46.15;0;0
"2022-12-06 22:03:40";48.936;0;46.15;0;0
"2022-12-06 22:04:50";48.932;0;46.15;0;0
"2022-12-06 22:06:00";48.929;0;46.15;0;0
"2022-12-06 22:07:10";48.907;0;46.15;0;0
"2022-12-06 22:08:20";48.9;0;46.15;0;0
"2022-12-06 22:09:30";48.9;0;46.15;0;0
"2022-12-06 22:10:40";48.9;0;46.15;0;0
"2022-12-06 22:11:50";48.9;0;46.15;0;0
"2022-12-06 22:13:00";48.9;0;46.15;0;0
"2022-12-06 22:14:10";48.9;0;46.15;0;0
"2022-12-06 22:15:20";48.9;0;46.15;0;0
"2022-12-06 22:16:30";48.9;0;46.15;0;0
"2022-12-06 22:17:40";48.9;0;46.15;0;0
"2022-12-06 22:18:50";48.9;0;46.15;0;0
"2022-12-06 22:20:00";48.9;0;46.15;0;0
"2022-12-06 22:21:10";48.9;0;46.15;0;0
"2022-12-06 22:22:20";48.9;0;46.15;0;0
"2022-12-06 22:23:30";48.907;0;46.15;0;0
"2022-12-06 22:24:40";48.9;0;46.15;0;0
"2022-12-06 22:25:50";48.9;0;46.15;0;0
"2022-12-06 22:27:00";48.9;0;46.15;0;0
"2022-12-06 22:28:10";48.9;0;46.15;0;0
"2022-12-06 22:29:20";48.9;0;46.15;0;0
"2022-12-06 22:30:30";48.9;0;46.15;0;0
"2022-12-06 22:31:40";48.9;0;46.15;0;0
"2022-12-06 22:32:50";48.9;0;46.15;0;0
"2022-12-06 22:34:00";48.9;0;46.15;0;0
"2022-12-06 22:35:10";48.9;0;46.15;0;0
"2022-12-06 22:36:20";48.9;0;46.15;0;0
"2022-12-06 22:37:30";48.9;0;46.15;0;0
"2022-12-06 22:38:40";48.9;0;46.15;0;0
"2022-12-06 22:39:50";48.9;0;46.15;0;0
"2022-12-06 22:41:00";48.9;0;46.15;0;0
"2022-12-06 22:42:10";48.9;0;46.15;0;0
"2022-12-06 22:43:20";48.9;0;46.15;0;0
"2022-12-06 22:44:30";48.9;0;46.15;0;0
"2022-12-06 22:45:40";48.9;0;46.15;0;0
"2022-12-06 22:46:50";48.9;0;46.15;0;0
"2022-12-06 22:48:00";48.9;0;46.15;0;0
"2022-12-06 22:49:10";48.9;0;46.15;0;0
"2022-12-06 22:50:20";48.9;0;46.15;0;0
"2022-12-06 22:51:30";48.9;0;46.15;0;0
"2022-12-06 22:52:40";48.9;0;46.15;0;0
"2022-12-06 22:53:50";48.9;0;46.15;0;0
"2022-12-06 22:55:00";48.9;0;46.15;0;0
"2022-12-06 22:56:10";48.9;0;46.15;0;0
"2022-12-06 22:57:20";48.9;0;46.15;0;0
"2022-12-06 22:58:30";48.9;0;46.15;0;0
"2022-12-06 22:59:40";48.9;0;46.15;0;0
"2022-12-06 23:00:50";48.9;0;46.15;0;0
"2022-12-06 23:02:00";48.9;0;46.15;0;0
"2022-12-06 23:03:10";48.9;0;46.15;0;0
"2022-12-06 23:04:20";48.9;0;46.15;0;0
"2022-12-06 23:05:30";48.9;0;46.15;0;0
"2022-12-06 23:06:40";48.9;0;46.15;0;0
"2022-12-06 23:07:50";48.9;0;46.15;0;0
"2022-12-06 23:09:00";48.9;0;46.15;0;0
"2022-12-06 23:10:10";48.9;0;46.15;0;0
"2022-12-06 23:11:20";48.9;0;46.15;0;0
"2022-12-06 23:12:30";48.9;0;46.15;0;0
"2022-12-06 23:13:40";48.9;0;46.15;0;0
"2022-12-06 23:14:50";48.9;0;46.15;0;0
"2022-12-06 23:16:00";48.9;0;46.15;0;0
"2022-12-06 23:17:10";48.9;0;46.15;0;0
"2022-12-06 23:18:20";48.9;0;46.15;0;0
"2022-12-06 23:19:30";48.9;0;46.15;0;0
"2022-12-06 23:20:40";48.9;0;46.15;0;0
"2022-12-06 23:21:50";48.9;0;46.15;0;0
"2022-12-06 23:23:00";48.9;0;46.15;0;0
"2022-12-06 23:24:10";48.9;0;46.15;0;0
"2022-12-06 23:25:20";48.9;0;46.15;0;0
"2022-12-06 23:26:30";48.9;0;46.15;0;0
"2022-12-06 23:27:40";48.9;0;46.15;0;0
"2022-12-06 23:28:50";48.9;0;46.15;0;0
"2022-12-06 23:30:00";48.9;0;46.15;0;0
"2022-12-06 23:31:10";48.9;0;46.15;0;0
"2022-12-06 23:32:20";48.9;0;46.15;0;0
"2022-12-06 23:33:30";48.9;0;46.15;0;0
"2022-12-06 23:34:40";48.9;0;46.15;0;0
"2022-12-06 23:35:50";48.9;0;46.15;0;0
"2022-12-06 23:37:00";48.9;0;46.15;0;0
"2022-12-06 23:38:10";48.9;0;46.15;0;0
"2022-12-06 23:39:20";48.9;0;46.15;0;0
"2022-12-06 23:40:30";48.9;0;46.15;0;0
"2022-12-06 23:41:40";48.9;0;46.15;0;0
"2022-12-06 23:42:50";48.9;0;46.15;0;0
"2022-12-06 23:44:00";48.9;0;46.15;0;0
"2022-12-06 23:45:10";48.9;0;46.15;0;0
"2022-12-06 23:46:20";48.9;0;46.15;0;0
"2022-12-06 23:47:30";48.9;0;46.15;0;0
"2022-12-06 23:48:40";48.9;0;46.15;0;0
"2022-12-06 23:49:50";48.9;0;46.15;0;0
"2022-12-06 23:51:00";48.9;0;46.15;0;0
"2022-12-06 23:52:10";48.9;0;46.15;0;0
"2022-12-06 23:53:20";48.9;0;46.15;0;0
"2022-12-06 23:54:30";48.9;0;46.15;0;0
"2022-12-06 23:55:40";48.9;0;46.15;0;0
"2022-12-06 23:56:50";48.9;0;46.15;0;0
"2022-12-06 23:58:00";48.9;0;46.15;0;0
"2022-12-06 23:59:10";48.9;0;46.15;0;0
"2022-12-07 00:00:20";48.9;0;46.15;0;0
"2022-12-07 00:01:30";48.9;0;46.15;0;0
"2022-12-07 00:02:40";48.9;0;46.15;0;0
"2022-12-07 00:03:50";48.9;0;46.15;0;0
"2022-12-07 00:05:00";48.9;0;46.15;0;0
"2022-12-07 00:06:10";48.9;0;46.15;0;0
"2022-12-07 00:07:20";48.9;0;46.15;0;0
"2022-12-07 00:08:30";48.9;0;46.15;0;0
"2022-12-07 00:09:40";48.9;0;46.15;0;0
"2022-12-07 00:10:50";48.9;0;46.15;0;0
"2022-12-07 00:12:00";48.9;0;46.15;0;0
"2022-12-07 00:13:10";48.9;0;46.15;0;0
"2022-12-07 00:14:20";48.9;0;46.15;0;0
"2022-12-07 00:15:30";48.9;0;46.15;0;0
"2022-12-07 00:16:40";48.9;0;46.15;0;0
"2022-12-07 00:17:50";48.9;0;46.15;0;0
"2022-12-07 00:19:00";48.9;0;46.15;0;0
"2022-12-07 00:20:10";48.9;0;46.15;0;0
"2022-12-07 00:21:20";48.9;0;46.15;0;0
"2022-12-07 00:22:30";48.9;0;46.15;0;0
"2022-12-07 00:23:40";48.9;0;46.15;0;0
"2022-12-07 00:24:50";48.9;0;46.15;0;0
"2022-12-07 00:26:00";48.9;0;46.15;0;0
"2022-12-07 00:27:10";48.9;0;46.15;0;0
"2022-12-07 00:28:20";48.9;0;46.15;0;0
"2022-12-07 00:29:30";48.9;0;46.15;0;0
"2022-12-07 00:30:40";48.9;0;46.15;0;0
"2022-12-07 00:31:50";48.9;0;46.15;0;0
"2022-12-07 00:33:00";48.9;0;46.15;0;0
"2022-12-07 00:34:10";48.9;0;46.15;0;0
"2022-12-07 00:35:20";48.9;0;46.15;0;0
"2022-12-07 00:36:30";48.9;0;46.15;0;0
"2022-12-07 00:37:40";48.9;0;46.15;0;0
"2022-12-07 00:38:50";48.9;0;46.15;0;0
"2022-12-07 00:40:00";48.9;0;46.15;0;0
"2022-12-07 00:41:10";48.9;0;46.15;0;0
"2022-12-07 00:42:20";48.9;0;46.15;0;0
"2022-12-07 00:43:30";48.9;0;46.15;0;0
"2022-12-07 00:44:40";48.9;0;46.15;0;0
"2022-12-07 00:45:50";48.9;0;46.15;0;0
"2022-12-07 00:47:00";48.9;0;46.15;0;0
"2022-12-07 00:48:10";48.9;0;46.15;0;0
"2022-12-07 00:49:20";48.9;0;46.15;0;0
"2022-12-07 00:50:30";48.9;0;46.15;0;0
"2022-12-07 00:51:40";48.9;0;46.15;0;0
"2022-12-07 00:52:50";48.9;0;46.15;0;0
"2022-12-07 00:54:00";48.9;0;46.15;0;0
"2022-12-07 00:55:10";48.9;0;46.15;0;0
"2022-12-07 00:56:20";48.9;0;46.15;0;0
"2022-12-07 00:57:30";48.9;0;46.15;0;0
"2022-12-07 00:58:40";48.9;0;46.15;0;0
"2022-12-07 00:59:50";48.9;0;46.15;0;0
"2022-12-07 01:01:00";48.9;0;46.15;0;0
"2022-12-07 01:02:10";48.9;0;46.15;0;0
"2022-12-07 01:03:20";48.9;0;46.15;0;0
"2022-12-07 01:04:30";48.9;0;46.15;0;0
"2022-12-07 01:05:40";48.9;0;46.15;0;0
"2022-12-07 01:06:50";48.9;0;46.15;0;0
"2022-12-07 01:08:00";48.9;0;46.15;0;0
"2022-12-07 01:09:10";48.9;0;46.15;0;0
"2022-12-07 01:10:20";48.9;0;46.15;0;0
"2022-12-07 01:11:30";48.9;0;46.15;0;0
"2022-12-07 01:12:40";48.9;0;46.15;0;0
"2022-12-07 01:13:50";48.9;0;46.15;0;0
"2022-12-07 01:15:00";48.9;0;46.15;0;0
"2022-12-07 01:16:10";48.893;0;46.15;0;0
"2022-12-07 01:17:20";48.889;0;46.15;0;0
"2022-12-07 01:18:30";48.896;0;46.15;0;0
"2022-12-07 01:19:40";48.889;0;46.15;0;0
"2022-12-07 01:20:50";48.886;0;46.15;0;0
"2022-12-07 01:22:00";48.879;0;46.15;0;0
"2022-12-07 01:23:10";48.882;0;46.15;0;0
"2022-12-07 01:24:20";48.861;0;46.15;0;0
"2022-12-07 01:25:30";48.868;0;46.15;0;0
"2022-12-07 01:26:40";48.879;0;46.15;0;0
"2022-12-07 01:27:50";48.875;0;46.15;0;0
"2022-12-07 01:29:00";48.879;0;46.15;0;0
"2022-12-07 01:30:10";48.857;0;46.15;0;0
"2022-12-07 01:31:20";48.85;0;46.15;0;0
"2022-12-07 01:32:30";48.854;0;46.15;0;0
"2022-12-07 01:33:40";48.854;0;46.15;0;0
"2022-12-07 01:34:50";48.854;0;46.15;0;0
"2022-12-07 01:36:00";48.85;0;46.15;0;0
"2022-12-07 01:37:10";48.85;0;46.15;0;0
"2022-12-07 01:38:20";48.85;0;46.15;0;0
"2022-12-07 01:39:30";48.85;0;46.15;0;0
"2022-12-07 01:40:40";48.85;0;46.15;0;0
"2022-12-07 01:41:50";48.85;0;46.15;0;0
"2022-12-07 01:43:00";48.85;0;46.15;0;0
"2022-12-07 01:44:10";48.85;0;46.15;0;0
"2022-12-07 01:45:20";48.85;0;46.15;0;0
"2022-12-07 01:46:30";48.85;0;46.15;0;0
"2022-12-07 01:47:40";48.85;0;46.15;0;0
"2022-12-07 01:48:50";48.85;0;46.15;0;0
"2022-12-07 01:50:00";48.85;0;46.15;0;0
"2022-12-07 01:51:10";48.85;0;46.15;0;0
"2022-12-07 01:52:20";48.85;0;46.15;0;0
"2022-12-07 01:53:30";48.85;0;46.15;0;0
"2022-12-07 01:54:40";48.85;0;46.15;0;0
"2022-12-07 01:55:50";48.85;0;46.15;0;0
"2022-12-07 01:57:00";48.85;0;46.15;0;0
"2022-12-07 01:58:10";48.85;0;46.15;0;0
"2022-12-07 01:59:20";48.85;0;46.15;0;0
"2022-12-07 02:00:30";48.85;0;46.15;0;0
"2022-12-07 02:01:40";48.85;0;46.15;0;0
"2022-12-07 02:02:50";48.85;0;46.15;0;0
"2022-12-07 02:04:00";48.85;0;46.15;0;0
"2022-12-07 02:05:10";48.85;0;46.15;0;0
"2022-12-07 02:06:20";48.85;0;46.15;0;0
"2022-12-07 02:07:30";48.85;0;46.15;0;0
"2022-12-07 02:08:40";48.85;0;46.15;0;0
"2022-12-07 02:09:50";48.85;0;46.15;0;0
"2022-12-07 02:11:00";48.85;0;46.15;0;0
"2022-12-07 02:12:10";48.85;0;46.15;0;0
"2022-12-07 02:13:20";48.85;0;46.15;0;0
"2022-12-07 02:14:30";48.85;0;46.15;0;0
"2022-12-07 02:15:40";48.85;0;46.15;0;0
"2022-12-07 02:16:50";48.85;0;46.15;0;0
"2022-12-07 02:18:00";48.85;0;46.15;0;0
"2022-12-07 02:19:10";48.85;0;46.15;0;0
"2022-12-07 02:20:20";48.85;0;46.15;0;0
"2022-12-07 02:21:30";48.85;0;46.15;0;0
"2022-12-07 02:22:40";48.85;0;46.15;0;0
"2022-12-07 02:23:50";48.85;0;46.15;0;0
"2022-12-07 02:25:00";48.85;0;46.15;0;0
"2022-12-07 02:26:10";48.85;0;46.15;0;0
"2022-12-07 02:27:20";48.85;0;46.15;0;0
"2022-12-07 02:28:30";48.85;0;46.15;0;0
"2022-12-07 02:29:40";48.85;0;46.15;0;0
"2022-12-07 02:30:50";48.85;0;46.15;0;0
"2022-12-07 02:32:00";48.85;0;46.15;0;0
"2022-12-07 02:33:10";48.85;0;46.15;0;0
"2022-12-07 02:34:20";48.85;0;46.15;0;0
"2022-12-07 02:35:30";48.85;0;46.15;0;0
"2022-12-07 02:36:40";48.85;0;46.15;0;0
"2022-12-07 02:37:50";48.85;0;46.15;0;0
"2022-12-07 02:39:00";48.85;0;46.15;0;0
"2022-12-07 02:40:10";48.85;0;46.15;0;0
"2022-12-07 02:41:20";48.85;0;46.15;0;0
"2022-12-07 02:42:30";48.85;0;46.15;0;0
"2022-12-07 02:43:40";48.85;0;46.15;0;0
"2022-12-07 02:44:50";48.85;0;46.15;0;0
"2022-12-07 02:46:00";48.85;0;46.15;0;0
"2022-12-07 02:47:10";48.85;0;46.15;0;0
"2022-12-07 02:48:20";48.85;0;46.15;0;0
"2022-12-07 02:49:30";48.85;0;46.15;0;0
"2022-12-07 02:50:40";48.85;0;46.15;0;0
"2022-12-07 02:51:50";48.85;0;46.15;0;0
"2022-12-07 02:53:00";48.85;0;46.15;0;0
"2022-12-07 02:54:10";48.85;0;46.15;0;0
"2022-12-07 02:55:20";48.85;0;46.15;0;0
"2022-12-07 02:56:30";48.85;0;46.15;0;0
"2022-12-07 02:57:40";48.85;0;46.15;0;0
"2022-12-07 02:58:50";48.85;0;46.15;0;0
"2022-12-07 03:00:00";48.85;0;46.15;0;0
"2022-12-07 03:01:10";48.85;0;46.15;0;0
"2022-12-07 03:02:20";48.85;0;46.15;0;0
"2022-12-07 03:03:30";48.85;0;46.15;0;0
"2022-12-07 03:04:40";48.85;0;46.15;0;0
"2022-12-07 03:05:50";48.85;0;46.15;0;0
"2022-12-07 03:07:00";48.85;0;46.15;0;0
"2022-12-07 03:08:10";48.85;0;46.15;0;0
"2022-12-07 03:09:20";48.85;0;46.15;0;0
"2022-12-07 03:10:30";48.85;0;46.15;0;0
"2022-12-07 03:11:40";48.85;0;46.15;0;0
"2022-12-07 03:12:50";48.85;0;46.15;0;0
"2022-12-07 03:14:00";48.85;0;46.15;0;0
"2022-12-07 03:15:10";48.85;0;46.15;0;0
"2022-12-07 03:16:20";48.85;0;46.15;0;0
"2022-12-07 03:17:30";48.85;0;46.15;0;0
"2022-12-07 03:18:40";48.85;0;46.15;0;0
"2022-12-07 03:19:50";48.85;0;46.15;0;0
"2022-12-07 03:21:00";48.85;0;46.15;0;0
"2022-12-07 03:22:10";48.85;0;46.15;0;0
"2022-12-07 03:23:20";48.85;0;46.15;0;0
"2022-12-07 03:24:30";48.85;0;46.15;0;0
"2022-12-07 03:25:40";48.85;0;46.15;0;0
"2022-12-07 03:26:50";48.85;0;46.15;0;0
"2022-12-07 03:28:00";48.85;0;46.15;0;0
"2022-12-07 03:29:10";48.85;0;46.15;0;0
"2022-12-07 03:30:20";48.85;0;46.15;0;0
"2022-12-07 03:31:30";48.85;0;46.15;0;0
"2022-12-07 03:32:40";48.85;0;46.15;0;0
"2022-12-07 03:33:50";48.85;0;46.15;0;0
"2022-12-07 03:35:00";48.85;0;46.15;0;0
"2022-12-07 03:36:10";48.85;0;46.15;0;0
"2022-12-07 03:37:20";48.85;0;46.15;0;0
"2022-12-07 03:38:30";48.85;0;46.15;0;0
"2022-12-07 03:39:40";48.85;0;46.15;0;0
"2022-12-07 03:40:50";48.85;0;46.15;0;0
"2022-12-07 03:42:00";48.85;0;46.15;0;0
"2022-12-07 03:43:10";48.85;0;46.15;0;0
"2022-12-07 03:44:20";48.85;0;46.15;0;0
"2022-12-07 03:45:30";48.85;0;46.15;0;0
"2022-12-07 03:46:40";48.85;0;46.15;0;0
"2022-12-07 03:47:50";48.85;0;46.15;0;0
"2022-12-07 03:49:00";48.85;0;46.15;0;0
"2022-12-07 03:50:10";48.85;0;46.15;0;0
"2022-12-07 03:51:20";48.85;0;46.15;0;0
"2022-12-07 03:52:30";48.85;0;46.15;0;0
"2022-12-07 03:53:40";48.85;0;46.15;0;0
"2022-12-07 03:54:50";48.85;0;46.15;0;0
"2022-12-07 03:56:00";48.85;0;46.15;0;0
"2022-12-07 03:57:10";48.85;0;46.15;0;0
"2022-12-07 03:58:20";48.85;0;46.15;0;0
"2022-12-07 03:59:30";48.85;0;46.15;0;0
"2022-12-07 04:00:40";48.85;0;46.15;0;0
"2022-12-07 04:01:50";48.85;0;46.15;0;0
"2022-12-07 04:03:00";48.85;0;46.15;0;0
"2022-12-07 04:04:10";48.85;0;46.15;0;0
"2022-12-07 04:05:20";48.85;0;46.15;0;0
"2022-12-07 04:06:30";48.85;0;46.15;0;0
"2022-12-07 04:07:40";48.85;0;46.15;0;0
"2022-12-07 04:08:50";48.85;0;46.15;0;0
"2022-12-07 04:10:00";48.85;0;46.15;0;0
"2022-12-07 04:11:10";48.85;0;46.15;0;0
"2022-12-07 04:12:20";48.85;0;46.15;0;0
"2022-12-07 04:13:30";48.85;0;46.15;0;0
"2022-12-07 04:14:40";48.85;0;46.15;0;0
"2022-12-07 04:15:50";48.85;0;46.15;0;0
"2022-12-07 04:17:00";48.85;0;46.15;0;0
"2022-12-07 04:18:10";48.85;0;46.15;0;0
"2022-12-07 04:19:20";48.85;0;46.15;0;0
"2022-12-07 04:20:30";48.85;0;46.15;0;0
"2022-12-07 04:21:40";48.85;0;46.15;0;0
"2022-12-07 04:22:50";48.85;0;46.15;0;0
"2022-12-07 04:24:00";48.85;0;46.15;0;0
"2022-12-07 04:25:10";48.85;0;46.15;0;0
"2022-12-07 04:26:20";48.85;0;46.15;0;0
"2022-12-07 04:27:30";48.85;0;46.15;0;0
"2022-12-07 04:28:40";48.85;0;46.15;0;0
"2022-12-07 04:29:50";48.85;0;46.15;0;0
"2022-12-07 04:31:00";48.85;0;46.15;0;0
"2022-12-07 04:32:10";48.85;0;46.15;0;0
"2022-12-07 04:33:20";48.85;0;46.15;0;0
"2022-12-07 04:34:30";48.85;0;46.15;0;0
"2022-12-07 04:35:40";48.85;0;46.15;0;0
"2022-12-07 04:36:50";48.85;0;46.15;0;0
"2022-12-07 04:38:00";48.85;0;46.15;0;0
"2022-12-07 04:39:10";48.85;0;46.15;0;0
"2022-12-07 04:40:20";48.85;0;46.15;0;0
"2022-12-07 04:41:30";48.85;0;46.15;0;0
"2022-12-07 04:42:40";48.85;0;46.15;0;0
"2022-12-07 04:43:50";48.85;0;46.15;0;0
"2022-12-07 04:45:00";48.85;0;46.15;0;0
"2022-12-07 04:46:10";48.85;0;46.15;0;0
"2022-12-07 04:47:20";48.85;0;46.15;0;0
"2022-12-07 04:48:30";48.85;0;46.15;0;0
"2022-12-07 04:49:40";48.85;0;46.15;0;0
"2022-12-07 04:50:50";48.85;0;46.15;0;0
"2022-12-07 04:52:00";48.85;0;46.15;0;0
"2022-12-07 04:53:10";48.85;0;46.15;0;0
"2022-12-07 04:54:20";48.85;0;46.15;0;0
"2022-12-07 04:55:30";48.85;0;46.15;0;0
"2022-12-07 04:56:40";48.85;0;46.15;0;0
"2022-12-07 04:57:50";48.85;0;46.15;0;0
"2022-12-07 04:59:00";48.85;0;46.15;0;0
"2022-12-07 05:00:10";48.85;0;46.15;0;0
"2022-12-07 05:01:20";48.85;0;46.15;0;0
"2022-12-07 05:02:30";48.85;0;46.15;0;0
"2022-12-07 05:03:40";48.85;0;46.15;0;0
"2022-12-07 05:04:50";48.85;0;46.15;0;0
"2022-12-07 05:06:00";48.85;0;46.15;0;0
"2022-12-07 05:07:10";48.85;0;46.15;0;0
"2022-12-07 05:08:20";48.85;0;46.15;0;0
"2022-12-07 05:09:30";48.85;0;46.15;0;0
"2022-12-07 05:10:40";48.85;0;46.15;0;0
"2022-12-07 05:11:50";48.85;0;46.15;0;0
"2022-12-07 05:13:00";48.85;0;46.15;0;0
"2022-12-07 05:14:10";48.85;0;46.15;0;0
"2022-12-07 05:15:20";48.85;0;46.15;0;0
"2022-12-07 05:16:30";48.85;0;46.15;0;0
"2022-12-07 05:17:40";48.85;0;46.15;0;0
"2022-12-07 05:18:50";48.85;0;46.15;0;0
"2022-12-07 05:20:00";48.85;0;46.15;0;0
"2022-12-07 05:21:10";48.85;0;46.15;0;0
"2022-12-07 05:22:20";48.85;0;46.15;0;0
"2022-12-07 05:23:30";48.85;0;46.15;0;0
"2022-12-07 05:24:40";48.85;0;46.15;0;0
"2022-12-07 05:25:50";48.85;0;46.15;0;0
"2022-12-07 05:27:00";48.85;0;46.15;0;0
"2022-12-07 05:28:10";48.85;0;46.15;0;0
"2022-12-07 05:29:20";48.85;0;46.15;0;0
"2022-12-07 05:30:30";48.85;0;46.15;0;0
"2022-12-07 05:31:40";48.85;0;46.15;0;0
"2022-12-07 05:32:50";48.85;0;46.15;0;0
"2022-12-07 05:34:00";48.85;0;46.15;0;0
"2022-12-07 05:35:10";48.85;0;46.15;0;0
"2022-12-07 05:36:20";48.85;0;46.15;0;0
"2022-12-07 05:37:30";48.85;0;46.15;0;0
"2022-12-07 05:38:40";48.85;0;46.15;0;0
"2022-12-07 05:39:50";48.85;0;46.15;0;0
"2022-12-07 05:41:00";48.85;0;46.15;0;0
"2022-12-07 05:42:10";48.85;0;46.15;0;0
"2022-12-07 05:43:20";48.85;0;46.15;0;0
"2022-12-07 05:44:30";48.85;0;46.15;0;0
"2022-12-07 05:45:40";48.85;0;46.15;0;0
"2022-12-07 05:46:50";48.85;0;46.15;0;0
"2022-12-07 05:48:00";48.85;0;46.15;0;0
"2022-12-07 05:49:10";48.85;0;46.15;0;0
"2022-12-07 05:50:20";48.85;0;46.15;0;0
"2022-12-07 05:51:30";48.85;0;46.15;0;0
"2022-12-07 05:52:40";48.85;0;46.15;0;0
"2022-12-07 05:53:50";48.85;0;46.15;0;0
"2022-12-07 05:55:00";48.85;0;46.15;0;0
"2022-12-07 05:56:10";48.85;0;46.15;0;0
"2022-12-07 05:57:20";48.85;0;46.15;0;0
"2022-12-07 05:58:30";48.85;0;46.15;0;0
"2022-12-07 05:59:40";48.85;0;46.15;0;0
"2022-12-07 06:00:50";48.85;0;46.15;0;0
"2022-12-07 06:02:00";48.85;0;46.15;0;0
"2022-12-07 06:03:10";48.843;0;46.15;0;0
"2022-12-07 06:04:20";48.85;0;46.15;0;0
"2022-12-07 06:05:30";48.846;0;46.15;0;0
"2022-12-07 06:06:40";48.85;0;46.15;0;0
"2022-12-07 06:07:50";48.85;0;46.15;0;0
"2022-12-07 06:09:00";48.843;0;46.15;0;0
"2022-12-07 06:10:10";48.85;0;46.15;0;0
"2022-12-07 06:11:20";48.846;0;46.15;0;0
"2022-12-07 06:12:30";48.846;0;46.15;0;0
"2022-12-07 06:13:40";48.846;0;46.15;0;0
"2022-12-07 06:14:50";48.836;0;46.15;0;0
"2022-12-07 06:16:00";48.85;0;46.15;0;0
"2022-12-07 06:17:10";48.85;0;46.15;0;0
"2022-12-07 06:18:20";48.843;0;46.15;0;0
"2022-12-07 06:19:30";48.843;0;46.15;0;0
"2022-12-07 06:20:40";48.843;0;46.15;0;0
"2022-12-07 06:21:50";48.825;0;46.15;0;0
"2022-12-07 06:23:00";48.811;0;46.15;0;0
"2022-12-07 06:24:10";48.811;0;46.15;0;0
"2022-12-07 06:25:20";48.825;0;46.15;0;0
"2022-12-07 06:26:30";48.811;0;46.15;0;0
"2022-12-07 06:27:40";48.807;0;46.15;0;0
"2022-12-07 06:28:50";48.814;0;46.15;0;0
"2022-12-07 06:30:00";48.821;0;46.15;0;0
"2022-12-07 06:31:10";48.804;0;46.15;0;0
"2022-12-07 06:32:20";48.821;0;46.15;0;0
"2022-12-07 06:33:30";48.825;0;46.15;0;0
"2022-12-07 06:34:40";48.821;0;46.15;0;0
"2022-12-07 06:35:50";48.832;0;46.15;0;0
"2022-12-07 06:37:00";48.836;0;46.15;0;0
"2022-12-07 06:38:10";48.832;0;46.15;0;0
"2022-12-07 06:39:20";48.839;0;46.15;0;0
"2022-12-07 06:40:30";48.825;0;46.15;0;0
"2022-12-07 06:41:40";48.814;0;46.15;0;0
"2022-12-07 06:42:50";48.814;0;46.15;0;0
"2022-12-07 06:44:00";48.832;0;46.15;0;0
"2022-12-07 06:45:10";48.836;0;46.15;0;0
"2022-12-07 06:46:20";48.818;0;46.15;0;0
"2022-12-07 06:47:30";48.807;0;46.15;0;0
"2022-12-07 06:48:40";48.804;0;46.15;0;0
"2022-12-07 06:49:50";48.814;0;46.15;0;0
"2022-12-07 06:51:00";48.814;0;46.15;0;0
"2022-12-07 06:52:10";48.8;0;46.15;0;0
"2022-12-07 06:53:20";48.807;0;46.15;0;0
"2022-12-07 06:54:30";48.804;0;46.15;0;0
"2022-12-07 06:55:40";48.804;0;46.15;0;0
"2022-12-07 06:56:50";48.811;0;46.15;0;0
"2022-12-07 06:58:00";48.814;0;46.15;0;0
"2022-12-07 06:59:10";48.814;0;46.15;0;0
"2022-12-07 07:00:20";48.821;0;46.15;0;0
"2022-12-07 07:01:30";48.804;0;46.15;0;0
"2022-12-07 07:02:40";48.804;0;46.15;0;0
"2022-12-07 07:03:50";48.811;0;46.15;0;0
"2022-12-07 07:05:00";48.8;0;46.15;0;0
"2022-12-07 07:06:10";48.804;0;46.15;0;0
"2022-12-07 07:07:20";48.807;0;46.15;0;0
"2022-12-07 07:08:30";48.804;0;46.15;0;0
"2022-12-07 07:09:40";48.8;0;46.15;0;0
"2022-12-07 07:10:50";48.8;0;46.15;0;0
"2022-12-07 07:12:00";48.8;0;46.15;0;0
"2022-12-07 07:13:10";48.8;0;46.15;0;0
"2022-12-07 07:14:20";48.804;0;46.15;0;0
"2022-12-07 07:15:30";48.8;0;46.15;0;0
"2022-12-07 07:16:40";48.8;0;46.15;0;0
"2022-12-07 07:17:50";48.804;0;46.15;0;0
"2022-12-07 07:19:00";48.807;0;46.15;0;0
"2022-12-07 07:20:10";48.804;0;46.15;0;0
"2022-12-07 07:21:20";48.804;0;46.15;0;0
"2022-12-07 07:22:30";48.804;0;46.15;0;0
"2022-12-07 07:23:40";48.807;0;46.15;0;0
"2022-12-07 07:24:50";48.8;0;46.15;0;0
"2022-12-07 07:26:00";48.8;0;46.15;0;0
"2022-12-07 07:27:10";48.804;0;46.15;0;0
"2022-12-07 07:28:20";48.8;0;46.15;0;0
"2022-12-07 07:29:30";48.8;0;46.15;0;0
"2022-12-07 07:30:40";48.8;0;46.15;0;0
"2022-12-07 07:31:50";48.8;0;46.15;0;0
"2022-12-07 07:33:00";48.8;0;46.15;0;0
"2022-12-07 07:34:10";48.8;0;46.15;0;0
"2022-12-07 07:35:20";48.8;0;46.15;0;0
"2022-12-07 07:36:30";48.8;0;46.15;0;0
"2022-12-07 07:37:40";48.8;0;46.15;0;0
"2022-12-07 07:38:50";48.8;0;46.15;0;0
"2022-12-07 07:40:00";48.8;0;46.15;0;0
"2022-12-07 07:41:10";48.8;0;46.15;0;0
"2022-12-07 07:42:20";48.8;0;46.15;0;0
"2022-12-07 07:43:30";48.8;0;46.15;0;0
"2022-12-07 07:44:40";48.8;0;46.15;0;0
"2022-12-07 07:45:50";48.8;0;46.15;0;0
"2022-12-07 07:47:00";48.8;0;46.15;0;0
"2022-12-07 07:48:10";48.8;0;46.15;0;0
"2022-12-07 07:49:20";48.8;0;46.15;0;0
"2022-12-07 07:50:30";48.8;0;46.15;0;0
"2022-12-07 07:51:40";48.8;0;46.15;0;0
"2022-12-07 07:52:50";48.8;0;46.15;0;0
"2022-12-07 07:54:00";48.8;0;46.15;0;0
"2022-12-07 07:55:10";48.8;0;46.15;0;0
"2022-12-07 07:56:20";48.8;0;46.15;0;0
"2022-12-07 07:57:30";48.8;0;46.15;0;0
"2022-12-07 07:58:40";48.8;0;46.15;0;0
"2022-12-07 07:59:50";48.8;0;46.15;0;0
"2022-12-07 08:01:00";48.8;0;46.15;0;0
"2022-12-07 08:02:10";48.8;0;46.15;0;0
"2022-12-07 08:03:20";48.8;0;46.15;0;0
"2022-12-07 08:04:30";48.8;0;46.15;0;0
"2022-12-07 08:05:40";48.8;0;46.15;0;0
"2022-12-07 08:06:50";48.804;0;46.15;0;0
"2022-12-07 08:08:00";48.8;0;46.15;0;0
"2022-12-07 08:09:10";48.8;0;46.15;0;0
"2022-12-07 08:10:20";48.8;0;46.15;0;0
"2022-12-07 08:11:30";48.8;0;46.15;0;0
"2022-12-07 08:12:40";48.8;0;46.15;0;0
"2022-12-07 08:13:50";48.8;0;46.15;0;0
"2022-12-07 08:15:00";48.8;0;46.15;0;0
"2022-12-07 08:16:10";48.8;0;46.15;0;0
"2022-12-07 08:17:20";48.8;0;46.15;0;0
"2022-12-07 08:18:30";48.8;0;46.15;0;0
"2022-12-07 08:19:40";48.8;0;46.15;0;0
"2022-12-07 08:20:50";48.8;0;46.15;0;0
"2022-12-07 08:22:00";48.8;0;46.15;0;0
"2022-12-07 08:23:10";48.8;0;46.15;0;0
"2022-12-07 08:24:20";48.8;0;46.15;0;0
"2022-12-07 08:25:30";48.8;0;46.15;0;0
"2022-12-07 08:26:40";48.8;0;46.15;0;0
"2022-12-07 08:27:50";48.8;0;46.15;0;0
"2022-12-07 08:29:00";48.8;0;46.15;0;0
"2022-12-07 08:30:10";48.8;0;46.15;0;0
"2022-12-07 08:31:20";48.8;0;46.15;0;0
"2022-12-07 08:32:30";48.8;0;46.15;0;0
"2022-12-07 08:33:40";48.8;0;46.15;0;0
"2022-12-07 08:34:50";48.8;0;46.15;0;0
"2022-12-07 08:36:00";48.8;0;46.15;0;0
"2022-12-07 08:37:10";48.8;0;46.15;0;0
"2022-12-07 08:38:20";48.8;0;46.15;0;0
"2022-12-07 08:39:30";48.804;0;46.15;0;0
"2022-12-07 08:40:40";48.8;0;46.15;0;0
"2022-12-07 08:41:50";48.807;0;46.15;0;0
"2022-12-07 08:43:00";48.804;0;46.15;0;0
"2022-12-07 08:44:10";48.807;0;46.15;0;0
"2022-12-07 08:45:20";48.811;0;46.15;0;0
"2022-12-07 08:46:30";48.836;0;46.15;0;0
"2022-12-07 08:47:40";48.832;0;46.15;0;0
"2022-12-07 08:48:50";48.811;0;46.15;0;0
"2022-12-07 08:50:00";48.814;0;46.15;0;0
"2022-12-07 08:51:10";48.807;0;46.15;0;0
"2022-12-07 08:52:20";48.807;0;46.15;0;0
"2022-12-07 08:53:30";48.8;0;46.15;0;0
"2022-12-07 08:54:40";48.8;0;46.15;0;0
"2022-12-07 08:55:50";48.804;0;46.15;0;0
"2022-12-07 08:57:00";48.807;0;46.15;0;0
"2022-12-07 08:58:10";48.8;0;46.15;0;0
"2022-12-07 08:59:20";48.8;0;46.15;0;0
"2022-12-07 09:00:30";48.804;0;46.15;0;0
"2022-12-07 09:01:40";48.8;0;46.15;0;0
"2022-12-07 09:02:50";48.8;0;46.15;0;0
"2022-12-07 09:04:00";48.807;0;46.15;0;0
"2022-12-07 09:05:10";48.807;0;46.15;0;0
"2022-12-07 09:06:20";48.811;0;46.15;0;0
"2022-12-07 09:07:30";48.804;0;46.15;0;0
"2022-12-07 09:08:40";48.814;0;46.15;0;0
"2022-12-07 09:09:50";48.825;0;46.15;0;0
"2022-12-07 09:11:00";48.814;0;46.15;0;0
"2022-12-07 09:12:10";48.804;0;46.15;0;0
"2022-12-07 09:13:20";48.8;0;46.15;0;0
"2022-12-07 09:14:30";48.811;0;46.15;0;0
"2022-12-07 09:15:40";48.807;0;46.15;0;0
"2022-12-07 09:16:50";48.8;0;46.15;0;0
"2022-12-07 09:18:00";48.8;0;46.15;0;0
"2022-12-07 09:19:10";48.8;0;46.15;0;0
"2022-12-07 09:20:20";48.8;0;46.15;0;0
"2022-12-07 09:21:30";48.8;0;46.15;0;0
"2022-12-07 09:22:40";48.804;0;46.15;0;0
"2022-12-07 09:23:50";48.8;0;46.15;0;0
"2022-12-07 09:25:00";48.8;0;46.15;0;0
"2022-12-07 09:26:10";48.8;0;46.15;0;0
"2022-12-07 09:27:20";48.8;0;46.15;0;0
"2022-12-07 09:28:30";48.8;0;46.15;0;0
"2022-12-07 09:29:40";48.8;0;46.15;0;0
"2022-12-07 09:30:50";48.8;0;46.15;0;0
"2022-12-07 09:32:00";48.8;0;46.15;0;0
"2022-12-07 09:33:10";48.8;0;46.15;0;0
"2022-12-07 09:34:20";48.8;0;46.15;0;0
"2022-12-07 09:35:30";48.8;0;46.15;0;0
"2022-12-07 09:36:40";48.8;0;46.15;0;0
"2022-12-07 09:37:50";48.8;0;46.15;0;0
"2022-12-07 09:39:00";48.8;0;46.15;0;0
"2022-12-07 09:40:10";48.8;0;46.15;0;0
"2022-12-07 09:41:20";48.8;0;46.15;0;0
"2022-12-07 09:42:30";48.8;0;46.15;0;0
"2022-12-07 09:43:40";48.8;0;46.15;0;0
"2022-12-07 09:44:50";48.8;0;46.15;0;0
"2022-12-07 09:46:00";48.8;0;46.15;0;0
"2022-12-07 09:47:10";48.8;0;46.15;0;0
"2022-12-07 09:48:20";48.8;0;46.15;0;0
"2022-12-07 09:49:30";48.8;0;46.15;0;0
"2022-12-07 09:50:40";48.8;0;46.15;0;0
"2022-12-07 09:51:50";48.8;0;46.15;0;0
"2022-12-07 09:53:00";48.8;0;46.15;0;0
"2022-12-07 09:54:10";48.8;0;46.15;0;0
"2022-12-07 09:55:20";48.8;0;46.15;0;0
"2022-12-07 09:56:30";48.8;0;46.15;0;0
"2022-12-07 09:57:40";48.8;0;46.15;0;0
"2022-12-07 09:58:50";48.8;0;46.15;0;0
"2022-12-07 10:00:00";48.8;0;46.15;0;0
"2022-12-07 10:01:10";48.8;0;46.15;0;0
"2022-12-07 10:02:20";48.8;0;46.15;0;0
"2022-12-07 10:03:30";48.8;0;46.15;0;0
"2022-12-07 10:04:40";48.8;0;46.15;0;0
"2022-12-07 10:05:50";48.8;0;46.15;0;0
"2022-12-07 10:07:00";48.8;0;46.15;0;0
"2022-12-07 10:08:10";48.8;0;46.15;0;0
"2022-12-07 10:09:20";48.8;0;46.15;0;0
"2022-12-07 10:10:30";48.8;0;46.15;0;0
"2022-12-07 10:11:40";48.8;0;46.15;0;0
"2022-12-07 10:12:50";48.8;0;46.15;0;0
"2022-12-07 10:14:00";48.8;0;46.15;0;0
"2022-12-07 10:15:10";48.8;0;46.15;0;0
"2022-12-07 10:16:20";48.8;0;46.15;0;0
"2022-12-07 10:17:30";48.8;0;46.15;0;0
"2022-12-07 10:18:40";48.8;0;46.15;0;0
"2022-12-07 10:19:50";48.8;0;46.15;0;0
"2022-12-07 10:21:00";48.8;0;46.15;0;0
"2022-12-07 10:22:10";48.8;0;46.15;0;0
"2022-12-07 10:23:20";48.8;0;46.15;0;0
"2022-12-07 10:24:30";48.8;0;46.15;0;0
"2022-12-07 10:25:40";48.8;0;46.15;0;0
"2022-12-07 10:26:50";48.8;0;46.15;0;0
"2022-12-07 10:28:00";48.8;0;46.15;0;0
"2022-12-07 10:29:10";48.8;0;46.15;0;0
"2022-12-07 10:30:20";48.8;0;46.15;0;0
"2022-12-07 10:31:30";48.8;0;46.15;0;0
"2022-12-07 10:32:40";48.8;0;46.15;0;0
"2022-12-07 10:33:50";48.8;0;46.15;0;0
"2022-12-07 10:35:00";48.8;0;46.15;0;0
"2022-12-07 10:36:10";48.8;0;46.15;0;0
"2022-12-07 10:37:20";48.8;0;46.15;0;0
"2022-12-07 10:38:30";48.8;0;46.15;0;0
"2022-12-07 10:39:40";48.8;0;46.15;0;0
"2022-12-07 10:40:50";48.8;0;46.15;0;0
"2022-12-07 10:42:00";48.8;0;46.15;0;0
"2022-12-07 10:43:10";48.8;0;46.15;0;1.143
"2022-12-07 10:44:20";48.8;0;46.15;0;2
"2022-12-07 10:45:30";48.8;0;46.15;0;0.143
"2022-12-07 10:46:40";48.8;0;46.15;0;0
"2022-12-07 10:47:50";48.8;0;46.15;0;0
"2022-12-07 10:49:00";48.8;0;46.15;0;0
"2022-12-07 10:50:10";48.8;0;46.15;0;0
"2022-12-07 10:51:20";48.8;0;46.15;0;0
"2022-12-07 10:52:30";48.8;0;46.15;0;0
"2022-12-07 10:53:40";48.8;0;46.15;0;0
"2022-12-07 10:54:50";48.8;0;46.15;0;0
"2022-12-07 10:56:00";48.8;0;46.15;0;0
"2022-12-07 10:57:10";48.8;0;46.15;0;0
"2022-12-07 10:58:20";48.8;0;46.15;0;0
"2022-12-07 10:59:30";48.8;0;46.15;0;0
"2022-12-07 11:00:40";48.8;0;46.15;0;0
"2022-12-07 11:01:50";48.8;0;46.15;0;0.429
"2022-12-07 11:03:00";48.8;0;46.15;0;0
"2022-12-07 11:04:10";48.8;0;46.15;0;0.857
"2022-12-07 11:05:20";48.8;0;46.15;0;0.571
"2022-12-07 11:06:30";48.8;0;46.15;0;0
"2022-12-07 11:07:40";48.8;0;46.15;0;0.714
"2022-12-07 11:08:50";48.8;0;46.15;0;0
"2022-12-07 11:10:00";48.8;0;46.15;0;0
"2022-12-07 11:11:10";48.8;0;46.15;0;0
"2022-12-07 11:12:20";48.8;0;46.15;0;0.857
"2022-12-07 11:13:30";48.8;0;46.15;0;0
"2022-12-07 11:14:40";48.8;0;46.15;0;0
"2022-12-07 11:15:50";48.8;0;46.15;0;1.143
"2022-12-07 11:17:00";48.8;0;46.15;0;1.286
"2022-12-07 11:18:10";48.8;0;46.15;0;0.571
"2022-12-07 11:19:20";48.8;0;46.15;0;0
"2022-12-07 11:20:30";48.8;0;46.15;0;1.857
"2022-12-07 11:21:40";48.8;0;46.15;0;1.857
"2022-12-07 11:22:50";48.8;0;46.15;0;0
"2022-12-07 11:24:00";48.8;0;46.15;0;0
"2022-12-07 11:25:10";48.8;0;46.15;0;0
"2022-12-07 11:26:20";48.8;0;46.15;0;0
"2022-12-07 11:27:30";48.8;0;46.15;0;0
"2022-12-07 11:28:40";48.8;0;46.15;0;0
"2022-12-07 11:29:50";48.8;0;46.15;0;0
"2022-12-07 11:31:00";48.8;0;46.15;0;0
"2022-12-07 11:32:10";48.8;0;46.15;0;0
"2022-12-07 11:33:20";48.8;0;46.15;0;0
"2022-12-07 11:34:30";48.8;0;46.15;0;0
"2022-12-07 11:35:40";48.8;0;46.15;0;0
"2022-12-07 11:36:50";48.8;0;46.15;0;0
"2022-12-07 11:38:00";48.8;0;46.15;0;0
"2022-12-07 11:39:10";48.8;0;46.15;0;0
"2022-12-07 11:40:20";48.8;0;46.15;0;0
"2022-12-07 11:41:30";48.8;0;46.15;0;0
"2022-12-07 11:42:40";48.8;0;46.15;0;0
"2022-12-07 11:43:50";48.8;0;46.15;0;0
"2022-12-07 11:45:00";48.8;0;46.15;0;0
"2022-12-07 11:46:10";48.8;0;46.15;0;0
"2022-12-07 11:47:20";48.8;0;46.15;0;0
"2022-12-07 11:48:30";48.8;0;46.15;0;0
"2022-12-07 11:49:40";48.8;0;46.15;0;0
"2022-12-07 11:50:50";48.8;0;46.15;0;0
"2022-12-07 11:52:00";48.8;0;46.15;0;0
"2022-12-07 11:53:10";48.8;0;46.15;0;0
"2022-12-07 11:54:20";48.8;0;46.15;0;0
"2022-12-07 11:55:30";48.8;0;46.15;0;0
"2022-12-07 11:56:40";48.8;0;46.15;0;0
"2022-12-07 11:57:50";48.8;0;46.15;0;0
"2022-12-07 11:59:00";48.8;0;46.15;0;0
"2022-12-07 12:00:10";48.8;0;46.15;0;0
"2022-12-07 12:01:20";48.8;0;46.15;0;0
"2022-12-07 12:02:30";48.8;0;46.15;0;0
"2022-12-07 12:03:40";48.8;0;46.15;0;0
"2022-12-07 12:04:50";48.8;0;46.15;0;0
"2022-12-07 12:06:00";48.8;0;46.15;0;0
"2022-12-07 12:07:10";48.8;0;46.15;0;0
"2022-12-07 12:08:20";48.8;0;46.15;0;0
"2022-12-07 12:09:30";48.8;0;46.15;0;0
"2022-12-07 12:10:40";48.8;0;46.15;0;0
"2022-12-07 12:11:50";48.8;0;46.15;0;0
"2022-12-07 12:13:00";48.8;0;46.15;0;0
"2022-12-07 12:14:10";48.8;0;46.15;0;0
"2022-12-07 12:15:20";48.8;0;46.15;0;0
"2022-12-07 12:16:30";48.8;0;46.15;0;0
"2022-12-07 12:17:40";48.8;0;46.15;0;0
"2022-12-07 12:18:50";48.8;0;46.15;0;0
"2022-12-07 12:20:00";48.8;0;46.15;0;0
"2022-12-07 12:21:10";48.8;0;46.15;0;0
"2022-12-07 12:22:20";48.8;0;46.15;0;0
"2022-12-07 12:23:30";48.8;0;46.15;0;0
"2022-12-07 12:24:40";48.8;0;46.15;0;0
"2022-12-07 12:25:50";48.8;0;46.15;0;0
"2022-12-07 12:27:00";48.8;0;46.15;0;0
"2022-12-07 12:28:10";48.8;0;46.15;0;0
"2022-12-07 12:29:20";48.8;0;46.15;0;0
"2022-12-07 12:30:30";48.8;0;46.15;0;0
"2022-12-07 12:31:40";48.8;0;46.15;0;0
"2022-12-07 12:32:50";48.796;0;46.15;0;0
"2022-12-07 12:34:00";48.8;0;46.15;0;0
"2022-12-07 12:35:10";48.8;0;46.15;0;0
"2022-12-07 12:36:20";48.8;0;46.15;0;0
"2022-12-07 12:37:30";48.8;0;46.15;0;0
"2022-12-07 12:38:40";48.8;0;46.15;0;0
"2022-12-07 12:39:50";48.8;0;46.15;0;0
"2022-12-07 12:41:00";48.8;0;46.15;0;0
"2022-12-07 12:42:10";48.8;0;46.15;0;0
"2022-12-07 12:43:20";48.8;0;46.15;0;0
"2022-12-07 12:44:30";48.8;0;46.15;0;0
"2022-12-07 12:45:40";48.796;0;46.15;0;0
"2022-12-07 12:46:50";48.8;0;46.15;0;0
"2022-12-07 12:48:00";48.789;0;46.15;0;0
"2022-12-07 12:49:10";48.793;0;46.15;0;0
"2022-12-07 12:50:20";48.8;0;46.15;0;0
"2022-12-07 12:51:30";48.782;0;46.15;0;0
"2022-12-07 12:52:40";48.771;0;46.15;0;0
"2022-12-07 12:53:50";48.8;0;46.15;0;0
"2022-12-07 12:55:00";48.796;0;46.15;0;0
"2022-12-07 12:56:10";48.793;0;46.15;0;0
"2022-12-07 12:57:20";48.786;0;46.15;0;0
"2022-12-07 12:58:30";48.793;0;46.15;0;0
"2022-12-07 12:59:40";48.8;0;46.15;0;0
"2022-12-07 13:00:50";48.793;0;46.15;0;0
"2022-12-07 13:02:00";48.796;0;46.15;0;0
"2022-12-07 13:03:10";48.782;0;46.15;0;0
"2022-12-07 13:04:20";48.793;0;46.15;0;0
"2022-12-07 13:05:30";48.789;0;46.15;0;0
"2022-12-07 13:06:40";48.779;0;46.15;0;0
"2022-12-07 13:07:50";48.771;0;46.15;0;0
"2022-12-07 13:09:00";48.793;0;46.15;0;0
"2022-12-07 13:10:10";48.775;0;46.15;0;0
"2022-12-07 13:11:20";48.775;0;46.15;0;0
"2022-12-07 13:12:30";48.761;0;46.15;0;0
"2022-12-07 13:13:40";48.768;0;46.15;0;0
"2022-12-07 13:14:50";48.757;0;46.15;0;0
"2022-12-07 13:16:00";48.75;0;46.15;0;0
"2022-12-07 13:17:10";48.75;0;46.15;0;0
"2022-12-07 13:18:20";48.754;0;46.15;0;0
"2022-12-07 13:19:30";48.754;0;46.15;0;0
"2022-12-07 13:20:40";48.75;0;46.15;0;0
"2022-12-07 13:21:50";48.75;0;46.15;0;0
"2022-12-07 13:23:00";48.754;0;46.15;0;0
"2022-12-07 13:24:10";48.754;0;46.15;0;0
"2022-12-07 13:25:20";48.757;0;46.15;0;0
"2022-12-07 13:26:30";48.757;0;46.15;0;0
"2022-12-07 13:27:40";48.754;0;46.15;0;0
"2022-12-07 13:28:50";48.754;0;46.15;0;0
"2022-12-07 13:30:00";48.75;0;46.15;0;0
"2022-12-07 13:31:10";48.75;0;46.15;0;0
"2022-12-07 13:32:20";48.75;0;46.15;0;0
"2022-12-07 13:33:30";48.75;0;46.15;0;0
"2022-12-07 13:34:40";48.75;0;46.15;0;0
"2022-12-07 13:35:50";48.75;0;46.15;0;0
"2022-12-07 13:37:00";48.75;0;46.15;0;0
"2022-12-07 13:38:10";48.75;0;46.15;0;0
"2022-12-07 13:39:20";48.75;0;46.15;0;0
"2022-12-07 13:40:30";48.75;0;46.15;0;0
"2022-12-07 13:41:40";48.75;0;46.15;0;0
"2022-12-07 13:42:50";48.75;0;46.15;0;0
"2022-12-07 13:44:00";48.75;0;46.15;0;0
"2022-12-07 13:45:10";48.75;0;46.15;0;0
"2022-12-07 13:46:20";48.75;0;46.15;0;0
"2022-12-07 13:47:30";48.754;0;46.15;0;0
"2022-12-07 13:48:40";48.75;0;46.15;0;0
"2022-12-07 13:49:50";48.75;0;46.15;0;0
"2022-12-07 13:51:00";48.75;0;46.15;0;0
"2022-12-07 13:52:10";48.75;0;46.15;0;0
"2022-12-07 13:53:20";48.75;0;46.15;0;0
"2022-12-07 13:54:30";48.75;0;46.15;0;0
"2022-12-07 13:55:40";48.75;0;46.15;0;0
"2022-12-07 13:56:50";48.75;0;46.15;0;0
"2022-12-07 13:58:00";48.75;0;46.15;0;0
"2022-12-07 13:59:10";48.75;0;46.15;0;0
"2022-12-07 14:00:20";48.75;0;46.15;0;0
"2022-12-07 14:01:30";48.75;0;46.15;0;0
"2022-12-07 14:02:40";48.75;0;46.15;0;0
"2022-12-07 14:03:50";48.75;0;46.15;0;0
"2022-12-07 14:05:00";48.75;0;46.15;0;0
"2022-12-07 14:06:10";48.75;0;46.15;0;0
"2022-12-07 14:07:20";48.75;0;46.15;0;0
"2022-12-07 14:08:30";48.75;0;46.15;0;0
"2022-12-07 14:09:40";48.75;0;46.15;0;0
"2022-12-07 14:10:50";48.75;0;46.15;0;0
"2022-12-07 14:12:00";48.75;0;46.15;0;0
"2022-12-07 14:13:10";48.75;0;46.15;0;0
"2022-12-07 14:14:20";48.75;0;46.15;0;0
"2022-12-07 14:15:30";48.75;0;46.15;0;0
"2022-12-07 14:16:40";48.75;0;46.15;0;0
"2022-12-07 14:17:50";48.75;0;46.15;0;0
"2022-12-07 14:19:00";48.75;0;46.15;0;0
"2022-12-07 14:20:10";48.75;0;46.15;0;0
"2022-12-07 14:21:20";48.75;0;46.15;0;0
"2022-12-07 14:22:30";48.75;0;46.15;0;0
"2022-12-07 14:23:40";48.75;0;46.15;0;0
"2022-12-07 14:24:50";48.75;0;46.15;0;0
"2022-12-07 14:26:00";48.75;0;46.15;0;0
"2022-12-07 14:27:10";48.75;0;46.15;0;0
"2022-12-07 14:28:20";48.75;0;46.15;0;0
"2022-12-07 14:29:30";48.75;0;46.15;0;0
"2022-12-07 14:30:40";48.75;0;46.15;0;0
"2022-12-07 14:31:50";48.75;0;46.15;0;0
"2022-12-07 14:33:00";48.75;0;46.15;0;0
"2022-12-07 14:34:10";48.75;0;46.15;0;0
"2022-12-07 14:35:20";48.75;0;46.15;0;0
"2022-12-07 14:36:30";48.75;0;46.15;0;0
"2022-12-07 14:37:40";48.75;0;46.15;0;0
"2022-12-07 14:38:50";48.75;0;46.15;0;0
"2022-12-07 14:40:00";48.75;0;46.15;0;0
"2022-12-07 14:41:10";48.75;0;46.15;0;0
"2022-12-07 14:42:20";48.75;0;46.15;0;0
"2022-12-07 14:43:30";48.75;0;46.15;0;0
"2022-12-07 14:44:40";48.75;0;46.15;0;0
"2022-12-07 14:45:50";48.75;0;46.15;0;0
"2022-12-07 14:47:00";48.75;0;46.15;0;0
"2022-12-07 14:48:10";48.75;0;46.15;0;0
"2022-12-07 14:49:20";48.75;0;46.15;0;0
"2022-12-07 14:50:30";48.75;0;46.15;0;0
"2022-12-07 14:51:40";48.75;0;46.15;0;0
"2022-12-07 14:52:50";48.75;0;46.15;0;0
"2022-12-07 14:54:00";48.75;0;46.15;0;0
"2022-12-07 14:55:10";48.75;0;46.15;0;0
"2022-12-07 14:56:20";48.75;0;46.15;0;0
"2022-12-07 14:57:30";48.75;0;46.15;0;0
"2022-12-07 14:58:40";48.75;0;46.15;0;0
"2022-12-07 14:59:50";48.75;0;46.15;0;0
"2022-12-07 15:01:00";48.75;0;46.15;0;0
"2022-12-07 15:02:10";48.75;0;46.15;0;0
"2022-12-07 15:03:20";48.75;0;46.15;0;0
"2022-12-07 15:04:30";48.75;0;46.15;0;0
"2022-12-07 15:05:40";48.75;0;46.15;0;0
"2022-12-07 15:06:50";48.75;0;46.15;0;0
"2022-12-07 15:08:00";48.75;0;46.15;0;0
"2022-12-07 15:09:10";48.75;0;46.15;0;0
"2022-12-07 15:10:20";48.75;0;46.15;0;0
"2022-12-07 15:11:30";48.75;0;46.15;0;0
"2022-12-07 15:12:40";48.75;0;46.15;0;0
"2022-12-07 15:13:50";48.75;0;46.15;0;0
"2022-12-07 15:15:00";48.75;0;46.15;0;0
"2022-12-07 15:16:10";48.75;0;46.15;0;0
"2022-12-07 15:17:20";48.75;0;46.15;0;0
"2022-12-07 15:18:30";48.75;0;46.15;0;0
"2022-12-07 15:19:40";48.75;0;46.15;0;0
"2022-12-07 15:20:50";48.75;0;46.15;0;0
"2022-12-07 15:22:00";48.75;0;46.15;0;0
"2022-12-07 15:23:10";48.75;0;46.15;0;0
"2022-12-07 15:24:20";48.75;0;46.15;0;0
"2022-12-07 15:25:30";48.75;0;46.15;0;0
"2022-12-07 15:26:40";48.75;0;46.15;0;0
"2022-12-07 15:27:50";48.75;0;46.15;0;0
"2022-12-07 15:29:00";48.75;0;46.15;0;0
"2022-12-07 15:30:10";48.75;0;46.15;0;0
"2022-12-07 15:31:20";48.75;0;46.15;0;0
"2022-12-07 15:32:30";48.75;0;46.15;0;0
"2022-12-07 15:33:40";48.75;0;46.15;0;0
"2022-12-07 15:34:50";48.75;0;46.15;0;0
"2022-12-07 15:36:00";48.75;0;46.15;0;0
"2022-12-07 15:37:10";48.75;0;46.15;0;0
"2022-12-07 15:38:20";48.75;0;46.15;0;0
"2022-12-07 15:39:30";48.75;0;46.15;0;0
"2022-12-07 15:40:40";48.75;0;46.15;0;0
"2022-12-07 15:41:50";48.75;0;46.15;0;0
"2022-12-07 15:43:00";48.75;0;46.15;0;0
"2022-12-07 15:44:10";48.75;0;46.15;0;0
"2022-12-07 15:45:20";48.75;0;46.15;0;0
"2022-12-07 15:46:30";48.75;0;46.15;0;0
"2022-12-07 15:47:40";48.75;0;46.15;0;0
"2022-12-07 15:48:50";48.75;0;46.15;0;0
"2022-12-07 15:50:00";48.75;0;46.15;0;0
"2022-12-07 15:51:10";48.75;0;46.15;0;0
"2022-12-07 15:52:20";48.75;0;46.15;0;0
"2022-12-07 15:53:30";48.75;0;46.15;0;0
"2022-12-07 15:54:40";48.75;0;46.15;0;0
"2022-12-07 15:55:50";48.75;0;46.15;0;0
"2022-12-07 15:57:00";48.75;0;46.15;0;0
"2022-12-07 15:58:10";48.75;0;46.15;0;0
"2022-12-07 15:59:20";48.75;0;46.15;0;0
"2022-12-07 16:00:30";48.75;0;46.15;0;0
"2022-12-07 16:01:40";48.75;0;46.15;0;0
"2022-12-07 16:02:50";48.75;0;46.15;0;0
"2022-12-07 16:04:00";48.75;0;46.15;0;0
"2022-12-07 16:05:10";48.75;0;46.15;0;0
"2022-12-07 16:06:20";48.75;0;46.15;0;0
"2022-12-07 16:07:30";48.75;0;46.15;0;0
"2022-12-07 16:08:40";48.75;0;46.15;0;0
"2022-12-07 16:09:50";48.75;0;46.15;0;0
"2022-12-07 16:11:00";48.75;0;46.15;0;0
"2022-12-07 16:12:10";48.75;0;46.15;0;0
"2022-12-07 16:13:20";48.75;0;46.15;0;0
"2022-12-07 16:14:30";48.75;0;46.15;0;0
"2022-12-07 16:15:40";48.75;0;46.15;0;0
"2022-12-07 16:16:50";48.75;0;46.15;0;0
"2022-12-07 16:18:00";48.75;0;46.15;0;0
"2022-12-07 16:19:10";48.75;0;46.15;0;0
"2022-12-07 16:20:20";48.75;0;46.15;0;0
"2022-12-07 16:21:30";48.75;0;46.15;0;0
"2022-12-07 16:22:40";48.75;0;46.15;0;0
"2022-12-07 16:23:50";48.75;0;46.15;0;0
"2022-12-07 16:25:00";48.75;0;46.15;0;0
"2022-12-07 16:26:10";48.75;0;46.15;0;0
"2022-12-07 16:27:20";48.75;0;46.15;0;0
"2022-12-07 16:28:30";48.75;0;46.15;0;0
"2022-12-07 16:29:40";48.75;0;46.15;0;0
"2022-12-07 16:30:50";48.75;0;46.15;0;0
"2022-12-07 16:32:00";48.75;0;46.15;0;0
"2022-12-07 16:33:10";48.75;0;46.15;0;0
"2022-12-07 16:34:20";48.75;0;46.15;0;0
"2022-12-07 16:35:30";48.75;0;46.15;0;0
"2022-12-07 16:36:40";48.75;0;46.15;0;0
"2022-12-07 16:37:50";48.75;0;46.15;0;0
"2022-12-07 16:39:00";48.75;0;46.15;0;0
"2022-12-07 16:40:10";48.75;0;46.15;0;0
"2022-12-07 16:41:20";48.75;0;46.15;0;0
"2022-12-07 16:42:30";48.75;0;46.15;0;0
"2022-12-07 16:43:40";48.75;0;46.15;0;0
"2022-12-07 16:44:50";48.75;0;46.15;0;0
"2022-12-07 16:46:00";48.75;0;46.15;0;0
"2022-12-07 16:47:10";48.75;0;46.15;0;0
"2022-12-07 16:48:20";48.75;0;46.15;0;0
"2022-12-07 16:49:30";48.75;0;46.15;0;0
"2022-12-07 16:50:40";48.75;0;46.15;0;0
"2022-12-07 16:51:50";48.75;0;46.15;0;0
"2022-12-07 16:53:00";48.75;0;46.15;0;0
"2022-12-07 16:54:10";48.75;0;46.15;0;0
"2022-12-07 16:55:20";48.75;0;46.15;0;0
"2022-12-07 16:56:30";48.75;0;46.15;0;0
"2022-12-07 16:57:40";48.75;0;46.15;0;0
"2022-12-07 16:58:50";48.75;0;46.15;0;0
"2022-12-07 17:00:00";48.75;0;46.15;0;0
"2022-12-07 17:01:10";48.75;0;46.15;0;0
"2022-12-07 17:02:20";48.75;0;46.15;0;0
"2022-12-07 17:03:30";48.75;0;46.15;0;0
"2022-12-07 17:04:40";48.75;0;46.15;0;0
"2022-12-07 17:05:50";48.75;0;46.15;0;0
"2022-12-07 17:07:00";48.75;0;46.15;0;0
"2022-12-07 17:08:10";48.75;0;46.15;0;0
"2022-12-07 17:09:20";48.75;0;46.15;0;0
"2022-12-07 17:10:30";48.75;0;46.15;0;0
"2022-12-07 17:11:40";48.75;0;46.15;0;0
"2022-12-07 17:12:50";48.75;0;46.15;0;0
"2022-12-07 17:14:00";48.75;0;46.15;0;0
"2022-12-07 17:15:10";48.75;0;46.15;0;0
"2022-12-07 17:16:20";48.75;0;46.15;0;0
"2022-12-07 17:17:30";48.75;0;46.15;0;0
"2022-12-07 17:18:40";48.75;0;46.15;0;0
"2022-12-07 17:19:50";48.75;0;46.15;0;0
"2022-12-07 17:21:00";48.75;0;46.15;0;0
"2022-12-07 17:22:10";48.75;0;46.15;0;0
"2022-12-07 17:23:20";48.75;0;46.15;0;0
"2022-12-07 17:24:30";48.75;0;46.15;0;0
"2022-12-07 17:25:40";48.75;0;46.15;0;0
"2022-12-07 17:26:50";48.75;0;46.15;0;0
"2022-12-07 17:28:00";48.75;0;46.15;0;0
"2022-12-07 17:29:10";48.75;0;46.15;0;0
"2022-12-07 17:30:20";48.75;0;46.15;0;0
"2022-12-07 17:31:30";48.75;0;46.15;0;0
"2022-12-07 17:32:40";48.75;0;46.15;0;0
"2022-12-07 17:33:50";48.75;0;46.15;0;0
"2022-12-07 17:35:00";48.75;0;46.15;0;0
"2022-12-07 17:36:10";48.75;0;46.15;0;0
"2022-12-07 17:37:20";48.75;0;46.15;0;0
"2022-12-07 17:38:30";48.75;0;46.15;0;0
"2022-12-07 17:39:40";48.75;0;46.15;0;0
"2022-12-07 17:40:50";48.75;0;46.15;0;0
"2022-12-07 17:42:00";48.75;0;46.15;0;0
"2022-12-07 17:43:10";48.75;0;46.15;0;0
"2022-12-07 17:44:20";48.75;0;46.15;0;0
"2022-12-07 17:45:30";48.75;0;46.15;0;0
"2022-12-07 17:46:40";48.75;0;46.15;0;0
"2022-12-07 17:47:50";48.75;0;46.15;0;0
"2022-12-07 17:49:00";48.75;0;46.15;0;0
"2022-12-07 17:50:10";48.75;0;46.15;0;0
"2022-12-07 17:51:20";48.75;0;46.15;0;0
"2022-12-07 17:52:30";48.75;0;46.15;0;0
"2022-12-07 17:53:40";48.75;0;46.15;0;0
"2022-12-07 17:54:50";48.75;0;46.15;0;0
"2022-12-07 17:56:00";48.75;0;46.15;0;0
"2022-12-07 17:57:10";48.75;0;46.15;0;0
"2022-12-07 17:58:20";48.75;0;46.15;0;0
"2022-12-07 17:59:30";48.75;0;46.15;0;0
"2022-12-07 18:00:40";48.75;0;46.15;0;0
"2022-12-07 18:01:50";48.75;0;46.15;0;0
"2022-12-07 18:03:00";48.75;0;46.15;0;0
"2022-12-07 18:04:10";48.75;0;46.15;0;0
"2022-12-07 18:05:20";48.75;0;46.15;0;0
"2022-12-07 18:06:30";48.75;0;46.15;0;0
"2022-12-07 18:07:40";48.75;0;46.15;0;0
"2022-12-07 18:08:50";48.75;0;46.15;0;0
"2022-12-07 18:10:00";48.75;0;46.15;0;0
"2022-12-07 18:11:10";48.75;0;46.15;0;0
"2022-12-07 18:12:20";48.75;0;46.15;0;0
"2022-12-07 18:13:30";48.75;0;46.15;0;0
"2022-12-07 18:14:40";48.75;0;46.15;0;0
"2022-12-07 18:15:50";48.75;0;46.15;0;0
"2022-12-07 18:17:00";48.75;0;46.15;0;0
"2022-12-07 18:18:10";48.75;0;46.15;0;0
"2022-12-07 18:19:20";48.75;0;46.15;0;0
"2022-12-07 18:20:30";48.75;0;46.15;0;0
"2022-12-07 18:21:40";48.75;0;46.15;0;0
"2022-12-07 18:22:50";48.75;0;46.15;0;0
"2022-12-07 18:24:00";48.75;0;46.15;0;0
"2022-12-07 18:25:10";48.75;0;46.15;0;0
"2022-12-07 18:26:20";48.75;0;46.15;0;0
"2022-12-07 18:27:30";48.75;0;46.15;0;0
"2022-12-07 18:28:40";48.75;0;46.15;0;0
"2022-12-07 18:29:50";48.75;0;46.15;0;0
"2022-12-07 18:31:00";48.75;0;46.15;0;0
"2022-12-07 18:32:10";48.75;0;46.15;0;0
"2022-12-07 18:33:20";48.75;0;46.15;0;0
"2022-12-07 18:34:30";48.75;0;46.15;0;0
"2022-12-07 18:35:40";48.75;0;46.15;0;0
"2022-12-07 18:36:50";48.75;0;46.15;0;0
"2022-12-07 18:38:00";48.75;0;46.15;0;0
"2022-12-07 18:39:10";48.75;0;46.15;0;0
"2022-12-07 18:40:20";48.75;0;46.15;0;0
"2022-12-07 18:41:30";48.75;0;46.15;0;0
"2022-12-07 18:42:40";48.75;0;46.15;0;0
"2022-12-07 18:43:50";48.75;0;46.15;0;0
"2022-12-07 18:45:00";48.75;0;46.15;0;0
"2022-12-07 18:46:10";48.75;0;46.15;0;0
"2022-12-07 18:47:20";48.75;0;46.15;0;0
"2022-12-07 18:48:30";48.75;0;46.15;0;0
"2022-12-07 18:49:40";48.75;0;46.15;0;0
"2022-12-07 18:50:50";48.75;0;46.15;0;0
"2022-12-07 18:52:00";48.75;0;46.15;0;0
"2022-12-07 18:53:10";48.75;0;46.15;0;0
"2022-12-07 18:54:20";48.75;0;46.15;0;0
"2022-12-07 18:55:30";48.75;0;46.15;0;0
"2022-12-07 18:56:40";48.75;0;46.15;0;0
"2022-12-07 18:57:50";48.75;0;46.15;0;0
"2022-12-07 18:59:00";48.75;0;46.15;0;0
"2022-12-07 19:00:10";48.75;0;46.15;0;0
"2022-12-07 19:01:20";48.75;0;46.15;0;0
"2022-12-07 19:02:30";48.75;0;46.15;0;0
"2022-12-07 19:03:40";48.75;0;46.15;0;0
"2022-12-07 19:04:50";48.75;0;46.15;0;0
"2022-12-07 19:06:00";48.75;0;46.15;0;0
"2022-12-07 19:07:10";48.75;0;46.15;0;0
"2022-12-07 19:08:20";48.75;0;46.15;0;0
"2022-12-07 19:09:30";48.75;0;46.15;0;0
"2022-12-07 19:10:40";48.75;0;46.15;0;0
"2022-12-07 19:11:50";48.75;0;46.15;0;0
"2022-12-07 19:13:00";48.75;0;46.15;0;0
"2022-12-07 19:14:10";48.75;0;46.15;0;0
"2022-12-07 19:15:20";48.75;0;46.15;0;0
"2022-12-07 19:16:30";48.75;0;46.15;0;0
"2022-12-07 19:17:40";48.75;0;46.15;0;0
"2022-12-07 19:18:50";48.75;0;46.15;0;0
"2022-12-07 19:20:00";48.75;0;46.15;0;0
"2022-12-07 19:21:10";48.75;0;46.15;0;0
"2022-12-07 19:22:20";48.75;0;46.15;0;0
"2022-12-07 19:23:30";48.75;0;46.15;0;0
"2022-12-07 19:24:40";48.75;0;46.15;0;0
"2022-12-07 19:25:50";48.75;0;46.15;0;0
"2022-12-07 19:27:00";48.75;0;46.15;0;0
"2022-12-07 19:28:10";48.75;0;46.15;0;0
"2022-12-07 19:29:20";48.75;0;46.15;0;0
"2022-12-07 19:30:30";48.75;0;46.15;0;0
"2022-12-07 19:31:40";48.75;0;46.15;0;0
"2022-12-07 19:32:50";48.75;0;46.15;0;0
"2022-12-07 19:34:00";48.754;0;46.15;0;0
"2022-12-07 19:35:10";48.75;0;46.15;0;0
"2022-12-07 19:36:20";48.75;0;46.15;0;0
"2022-12-07 19:37:30";48.75;0;46.15;0;0
"2022-12-07 19:38:40";48.75;0;46.15;0;0
"2022-12-07 19:39:50";48.75;0;46.15;0;0
"2022-12-07 19:41:00";48.75;0;46.15;0;0
"2022-12-07 19:42:10";48.75;0;46.15;0;0
"2022-12-07 19:43:20";48.761;0;46.15;0;0
"2022-12-07 19:44:30";48.75;0;46.15;0;0
"2022-12-07 19:45:40";48.75;0;46.15;0;0
"2022-12-07 19:46:50";48.754;0;46.15;0;0
"2022-12-07 19:48:00";48.764;0;46.15;0;0
"2022-12-07 19:49:10";48.754;0;46.15;0;0
"2022-12-07 19:50:20";48.75;0;46.15;0;0
"2022-12-07 19:51:30";48.768;0;46.15;0;0
"2022-12-07 19:52:40";48.779;0;46.15;0;0
"2022-12-07 19:53:50";48.786;0;46.15;0;0
"2022-12-07 19:55:00";48.782;0;46.15;0;0
"2022-12-07 19:56:10";48.793;0;46.15;0;0
"2022-12-07 19:57:20";48.796;0;46.15;0;0
"2022-12-07 19:58:30";48.789;0;46.15;0;0
"2022-12-07 19:59:40";48.793;0;46.15;0;0
"2022-12-07 20:00:50";48.793;0;46.15;0;0
"2022-12-07 20:02:00";48.789;0;46.15;0;0
"2022-12-07 20:03:10";48.796;0;46.15;0;0
"2022-12-07 20:04:20";48.786;0;46.15;0;0
"2022-12-07 20:05:30";48.786;0;46.15;0;0
"2022-12-07 20:06:40";48.782;0;46.15;0;0
"2022-12-07 20:07:50";48.796;0;46.15;0;0
"2022-12-07 20:09:00";48.793;0;46.15;0;0
"2022-12-07 20:10:10";48.8;0;46.15;0;0
"2022-12-07 20:11:20";48.8;0;46.15;0;0
"2022-12-07 20:12:30";48.8;0;46.15;0;0
"2022-12-07 20:13:40";48.8;0;46.15;0;0
"2022-12-07 20:14:50";48.8;0;46.15;0;0
"2022-12-07 20:16:00";48.8;0;46.15;0;0
"2022-12-07 20:17:10";48.8;0;46.15;0;0
"2022-12-07 20:18:20";48.8;0;46.15;0;0
"2022-12-07 20:19:30";48.8;0;46.15;0;0
"2022-12-07 20:20:40";48.8;0;46.15;0;0
"2022-12-07 20:21:50";48.8;0;46.15;0;0
"2022-12-07 20:23:00";48.8;0;46.15;0;0
"2022-12-07 20:24:10";48.8;0;46.15;0;0
"2022-12-07 20:25:20";48.8;0;46.15;0;0
"2022-12-07 20:26:30";48.8;0;46.15;0;0
"2022-12-07 20:27:40";48.8;0;46.15;0;0
"2022-12-07 20:28:50";48.8;0;46.15;0;0
"2022-12-07 20:30:00";48.8;0;46.15;0;0
"2022-12-07 20:31:10";48.8;0;46.15;0;0
"2022-12-07 20:32:20";48.8;0;46.15;0;0
"2022-12-07 20:33:30";48.8;0;46.15;0;0
"2022-12-07 20:34:40";48.8;0;46.15;0;0
"2022-12-07 20:35:50";48.8;0;46.15;0;0
"2022-12-07 20:37:00";48.8;0;46.15;0;0
"2022-12-07 20:38:10";48.8;0;46.15;0;0
"2022-12-07 20:39:20";48.8;0;46.15;0;0
"2022-12-07 20:40:30";48.8;0;46.15;0;0
"2022-12-07 20:41:40";48.8;0;46.15;0;0
"2022-12-07 20:42:50";48.8;0;46.15;0;0
"2022-12-07 20:44:00";48.8;0;46.15;0;0
"2022-12-07 20:45:10";48.8;0;46.15;0;0
"2022-12-07 20:46:20";48.8;0;46.15;0;0
"2022-12-07 20:47:30";48.8;0;46.15;0;0
"2022-12-07 20:48:40";48.8;0;46.15;0;0
"2022-12-07 20:49:50";48.8;0;46.15;0;0