DateTime,RawMFCData,MFCData,RawPressureData,PressureData,MAPressureData,InputMFCValue,Height,Weight
2022-12-07 09:17:05.451312,0.1717021149210632,0.5151063447631896,2.1954090443905443,0.06816361775621775,0.06816361775621775,0.6666666666666666,0.09926258592721386,3.6728195377874258
2022-12-07 09:17:06.340764,0.06673925887793303,0.20021777663379908,2.122643383452669,0.039057353381067555,0.039057353381067555,0.6666666666666666,0.056876879832630775,2.0710954992048087
2022-12-07 09:17:07.535376,0.06545137107372284,0.19635411322116852,2.126829018816352,0.04073160752654079,0.04073160752654079,0.6666666666666666,0.0593149956699298,2.1618803357580583
2022-12-07 09:17:08.742382,0.06190967961214483,0.1857290388364345,2.1255411310121417,0.04021645240485672,0.04021645240485672,0.6666666666666666,0.0585648061815301,2.1339289919166973
2022-12-07 09:17:09.748623,0.08766743569634855,0.26300230708904565,2.1512988870963454,0.050519554838538205,0.050519554838538205,0.6666666666666666,0.07356859594952411,2.6959195273895453
2022-12-07 09:17:10.712066,0.08509166008792818,0.25527498026378453,2.1335904297884554,0.04343617191538218,0.04343617191538218,0.6666666666666666,0.06325349048402823,2.308880798949703
2022-12-07 09:17:11.694822,0.08380377228371799,0.251411316851154,2.132302541984245,0.042921016793698114,0.042921016793698114,0.6666666666666666,0.06250330099562854,2.2808475645405024
2022-12-07 09:17:12.759989,0.06126573571003974,0.1837972071301192,2.1129842249210924,0.03519368996843699,0.03519368996843699,0.6666666666666666,0.051250458669633014,1.8622208328102545
2022-12-07 09:17:13.769485,0.06995897838845849,0.20987693516537548,2.1290828224737197,0.04163312898948793,0.04163312898948793,0.6666666666666666,0.06062782727462929,2.210832720657367
2022-12-07 09:17:14.851724,0.07317869789898396,0.21953609369695187,2.127472962718457,0.040989185087382835,0.040989185087382835,0.6666666666666666,0.05969009041412966,2.1758618570050134
2022-12-07 09:17:15.817701,0.08380377228371799,0.251411316851154,2.1229653554037213,0.03918614216148857,0.03918614216148857,0.6666666666666666,0.057064427204730706,2.078073098844169
2022-12-07 09:17:16.794932,0.08058405277319253,0.24175215831957758,2.1432495883200318,0.04729983532801274,0.04729983532801274,0.6666666666666666,0.06887991164702598,2.5196272497520207
2022-12-07 09:17:17.880383,0.08895532350055874,0.2668659705016762,2.135200289543718,0.044080115817487275,0.044080115817487275,0.6666666666666666,0.06419122734452785,2.343944276934733
2022-12-07 09:17:18.879684,0.08637954789213836,0.2591386436764151,2.1348783175926656,0.04395132703706626,0.04395132703706626,0.6666666666666666,0.06400367997242792,2.3369296315623016
2022-12-07 09:17:19.867657,0.06287559546530247,0.1886267863959074,2.103325066389516,0.03133002655580643,0.03133002655580643,0.6666666666666666,0.04562403750663526,1.6542235653568396
2022-12-07 09:17:20.896732,0.07060292229056359,0.21180876687169076,2.129726766375825,0.04189070655032996,0.04189070655032996,0.6666666666666666,0.06100292201882913,2.2248278903322953
2022-12-07 09:17:21.857169,0.06802714668214321,0.20408144004642964,2.127472962718457,0.040989185087382835,0.040989185087382835,0.6666666666666666,0.05969009041412966,2.1758618570050134
2022-12-07 09:17:22.880713,0.07189081009477377,0.21567243028432131,2.1397078968584538,0.04588315874338154,0.04588315874338154,0.6666666666666666,0.06681689055392681,2.442251675358561
2022-12-07 09:17:23.901656,0.0783302491158247,0.2349907473474741,2.1397078968584538,0.04588315874338154,0.04588315874338154,0.6666666666666666,0.06681689055392681,2.442251675358561
2022-12-07 09:17:24.876198,0.049352773521095517,0.14805832056328655,2.109120561508462,0.03364822460338477,0.03364822460338477,0.6666666666666666,0.04899989020443392,1.7789166379559522
2022-12-07 09:17:25.849436,0.0789741930179298,0.23692257905378938,2.141639728564769,0.04665589142590765,0.04665589142590765,0.6666666666666666,0.06794217478652635,2.484441910802944
2022-12-07 09:17:26.908256,0.08444771618582309,0.25334314855746926,2.145181420026347,0.04807256801053886,0.04807256801053886,0.6666666666666666,0.07000519587962555,2.5618818277854216
2022-12-07 09:17:27.918607,5.363177853692323,16.08953356107697,3.5074447449296713,0.5929778979718686,0.5929778979718686,0.6666666666666666,0.8635181272344089,41.096684457600404
2022-12-07 09:17:28.892022,1.5011243008170276,4.503372902451083,4.4608036919962615,0.9743214767985047,0.9743214767985047,0.6666666666666666,1.4188458960222874,78.44503737675564
2022-12-07 09:17:29.883385,0.27795285876840353,0.8338585763052107,4.503303989535198,0.9913215958140791,0.9913215958140791,0.6666666666666666,1.4436021491394773,80.30902117119356
2022-12-07 09:17:30.758547,0.21838804782368243,0.6551641434710473,4.517148783430457,0.9968595133721829,0.9968595133721829,0.6666666666666666,1.4516666861397742,80.91989602833891
2022-12-07 09:17:31.789835,0.2084069173410535,0.6252207520231605,4.5338913248851895,1.0035565299540758,1.0035565299540758,0.6666666666666666,1.4614191494889701,81.66103638637352
2022-12-07 09:17:32.781957,0.18876662832684815,0.5662998849805445,4.520690474892035,0.9982761899568141,0.9982761899568141,0.6666666666666666,1.4537297072328732,81.07645588228247
2022-12-07 09:17:33.802662,0.1987477588094771,0.5962432764284313,4.527773857815191,1.0011095431260766,1.0011095431260766,0.6666666666666666,1.4578557494190718,81.38992947440921
2022-12-07 09:17:34.857816,0.23738439293578267,0.7121531788073481,4.536145128542557,1.004458051417023,1.004458051417023,0.6666666666666666,1.4627319810936696,81.76100659503696
2022-12-07 09:17:35.867629,0.18747874052263797,0.562436221567914,4.523588222451508,0.9994352889806033,0.9994352889806033,0.6666666666666666,1.4554176335817728,81.20463804813043
2022-12-07 09:17:36.888347,0.2064750856347382,0.6194252569042147,4.490425111493096,0.9861700445972383,0.06362387384498312,0.6666666666666666,0.09265162930680519,3.4197189398111414
2022-12-07 09:17:37.843774,0.23996016854420305,0.7198805056326092,4.515216951724142,0.9960867806896568,0.12378277106076851,0.6666666666666666,0.18025742108747417,6.872039844296745
2022-12-07 09:17:38.874294,0.21420241245999933,0.642607237379998,4.511997232213616,0.9947988928854467,0.17997735956558647,0.6666666666666666,0.2620902279970678,10.289013037763095
2022-12-07 09:17:39.931363,0.2161342441663146,0.6484027324989439,4.483985672472045,0.983594268988818,0.23182361178644012,0.6666666666666666,0.33759081372715904,13.606197594001381
2022-12-07 09:17:40.921837,0.24285791610367596,0.728573748311028,4.52004653098993,0.9980186123959721,0.28125554730963576,0.6666666666666666,0.4095755749375794,16.916038209015728
2022-12-07 09:17:41.984307,0.24189200025051832,0.725676000751555,4.549345978535712,1.0097383914142848,0.3282544404776776,0.6666666666666666,0.47801724257707534,20.19615844032293
2022-12-07 09:17:42.992183,0.2071190295368433,0.62135708861053,4.5097434285562485,0.9938973714224995,0.3711991456999242,0.6666666666666666,0.5405550396096173,23.30684481194602
2022-12-07 09:17:43.950182,0.2167781880684197,0.6503345642052591,4.53646710049361,1.004586840197444,0.4120628679255707,0.6666666666666666,0.6000624259874336,26.367441279218983
2022-12-07 09:17:44.955890,0.1787854978442192,0.5363564935326577,4.475614401744679,0.9802457606978715,0.4487198287495901,0.6666666666666666,0.653443758190753,29.196472022821712
2022-12-07 09:17:45.954623,0.18393704906105995,0.5518111471831799,4.490425111493096,0.9861700445972383,0.483394036223632,0.6666666666666666,0.7039377256788001,31.94516877617868
2022-12-07 09:17:47.006592,0.20615311368368566,0.618459341051057,4.531959493178874,1.0027837972715499,0.5169030530654332,0.6666666666666666,0.7527348959741272,34.66864252268163
2022-12-07 09:17:48.120554,0.14562238688580692,0.43686716065742076,4.482375812716782,0.9829503250867129,0.5469706190022899,0.6666666666666666,0.7965204878437309,37.16858713479422
2022-12-07 09:17:49.399501,0.14787619054317475,0.44362857162952424,4.469818906625733,0.9779275626502932,0.5747742927860321,0.6666666666666666,0.8370093094306569,39.527588278939135
2022-12-07 09:17:50.327543,0.1440125271305442,0.43203758139163256,4.471106794429943,0.9784427177719772,0.6008174169786737,0.6666666666666666,0.874934348301549,41.778427484180924
2022-12-07 09:17:51.336973,0.17910746979527176,0.5373224093858153,4.474326513940468,0.9797306055761874,0.6252634291462552,0.6666666666666666,0.9105336087756738,43.927504719147564
2022-12-07 09:17:52.319930,0.16816042345948518,0.5044812703784556,4.476580317597836,0.9806321270391346,0.6481904419135378,0.6666666666666666,0.9439208415808036,45.974963800198886
2022-12-07 09:17:53.280553,0.1565694332215935,0.4697082996647805,4.470140878576785,0.9780563514307142,0.6694721134952912,0.6666666666666666,0.9749120627570864,47.90313755419042
2022-12-07 09:17:54.253543,0.13821703201159835,0.41465109603479505,4.4714287663809955,0.9785715065523983,0.6894140098215562,0.6666666666666666,1.003952249630925,49.73408334102846
2022-12-07 09:17:55.218889,0.1787854978442192,0.5363564935326577,4.499440326122567,0.9897761304490269,0.7087922111523608,0.6666666666666666,1.0321715613111415,51.53566621198702
2022-12-07 09:17:56.324534,0.13886097591370344,0.41658292774111033,4.463379467604682,0.9753517870418729,0.7259896031452325,0.6666666666666666,1.0572150912264926,53.15298532618268
2022-12-07 09:17:57.339085,0.1662285917531699,0.4986857752595097,4.4820538407657295,0.9828215363062919,0.7425594052846557,0.6666666666666666,1.0813446997009695,54.72772609519276
2022-12-07 09:17:58.342350,0.16526267590001226,0.49578802770003677,4.475936373695731,0.9803745494782925,0.7579023178132774,0.6666666666666666,1.103687662462906,56.200256530936386
2022-12-07 09:17:59.282095,0.1752438063826412,0.5257314191479237,4.470462850527838,0.9781851402111352,0.7721141128066876,0.6666666666666666,1.1243834466385432,57.57657203902173
2022-12-07 09:18:00.335185,0.12276237836107612,0.36828713508322836,4.420235226163641,0.9580940904654563,0.7841128210427373,0.6666666666666666,1.1418564453804243,58.74780743876813
2022-12-07 09:18:01.299350,0.146266330787912,0.43879899236373604,4.476902289548889,0.9807609158195556,0.7967997948993062,0.6666666666666666,1.1603317240415119,59.9954307218892
2022-12-07 09:18:02.287374,0.14980802224949002,0.4494240667484701,4.480443981010467,0.9821775924041868,0.8087596528028469,0.6666666666666666,1.1777481473756324,61.180212956432534
2022-12-07 09:18:03.312439,0.12726998567581177,0.3818099570274353,4.442129318835214,0.9668517275340855,0.818959141495185,0.6666666666666666,1.1926010506701399,62.19724939587361
2022-12-07 09:18:04.289677,0.1523837978579104,0.4571513935737312,4.452432421268895,0.9709729685075582,0.8287664851734027,0.6666666666666666,1.2068828967138527,63.18094962332618
2022-12-07 09:18:05.185154,0.15367168566212058,0.46101505698636175,4.458871860289946,0.9735487441159786,0.8381072760729238,0.6666666666666666,1.220485329944552,64.12310976373877
2022-12-07 09:18:06.237346,0.11535702348686755,0.34607107046060265,4.428606496891007,0.9614425987564028,0.8460643936654063,0.6666666666666666,1.2320728027747287,64.92975050272591
2022-12-07 09:18:07.270131,0.16107704053632915,0.48323112160898746,4.4884932797867805,0.9853973119147122,0.8550536141976197,0.6666666666666666,1.2451632651778357,65.84549590045194
2022-12-07 09:18:08.260125,0.11342519178055227,0.3402755753416568,4.455008196877316,0.9720032787509263,0.8625987538462202,0.6666666666666666,1.2561507992518133,66.61779686912931
2022-12-07 09:18:09.226749,0.13821703201159835,0.41465109603479505,4.473360598087311,0.9793442392349244,0.8701307206454915,0.6666666666666666,1.2671191504958375,67.39208679665056
2022-12-07 09:18:10.284789,0.11664491129107774,0.3499347338732332,4.451144533464685,0.9704578133858741,0.8766034363061613,0.6666666666666666,1.2765449778741245,68.06014914497267
2022-12-07 09:18:11.272038,0.146266330787912,0.43879899236373604,4.477224261499941,0.9808897045999766,0.8833315826476978,0.6666666666666666,1.2863427736241413,68.75718517605539
2022-12-07 09:18:12.226543,0.10795166861265898,0.32385500583797694,4.437943683471531,0.9651774733886124,0.8886119626954988,0.6666666666666666,1.294032274203435,69.30609607845261
2022-12-07 09:18:13.210212,0.12372829421423376,0.3711848826427013,4.469174962723628,0.9776699850894511,0.8943576415596248,0.6666666666666666,1.3023993615255933,69.9052379373886
2022-12-07 09:18:14.137135,0.15463760151527822,0.46391280454583467,4.485273560276255,0.9841094241105021,0.9001480791435524,0.6666666666666666,1.3108316282853538,70.5110101860818
2022-12-07 09:18:15.187721,0.10537589300423861,0.3161276790127158,4.4537203090731055,0.9714881236292423,0.9047506626587583,0.6666666666666666,1.3175340944499174,70.9939196910448
2022-12-07 09:18:16.199571,0.1559254893194884,0.4677764679584652,4.500406241975725,0.99016249679029,0.91026110357047,0.6666666666666666,1.3255586188589923,71.57372057085942
2022-12-07 09:18:17.219696,0.14594435883685947,0.4378330765105784,4.472072710283101,0.9788290841132403,0.9146848442506488,0.6666666666666666,1.3320006469355596,72.04047186111751
2022-12-07 09:18:18.298540,0.1288798454310745,0.3866395362932235,4.491069055395201,0.9864276221580804,0.9193134105672573,0.6666666666666666,1.3387409502945353,72.53006574546862
2022-12-07 09:18:19.272569,0.09024321130476892,0.27072963391430677,4.46949693467468,0.9777987738698721,0.9230866598125874,0.6666666666666666,1.3442357067315966,72.93011878033339
2022-12-07 09:18:20.247582,0.10795166861265898,0.32385500583797694,4.475292429793626,0.9801169719174505,0.9267660347870949,0.6666666666666666,1.349593759701609,73.32102478340362
2022-12-07 09:18:21.338433,0.087345463745296,0.262036391235888,4.444061150541529,0.9676244602166117,0.9294020622341606,0.6666666666666666,1.3534324482804143,73.60157217193594
2022-12-07 09:18:22.330981,0.10312208934687078,0.30936626804061235,4.456618056632578,0.9726472226530314,0.9321920725837651,0.6666666666666666,1.357495372919419,73.89895256260718
2022-12-07 09:18:23.327131,0.12598209787160158,0.37794629361480475,4.487527363933623,0.9850109455734493,0.9355997418089061,0.6666666666666666,1.3624577571121395,74.26278836656267
2022-12-07 09:18:24.455575,0.07736433326266706,0.2320929997880012,4.458227916387841,0.9732911665551365,0.9380314466312436,0.6666666666666666,1.365998902914291,74.52283804627548
2022-12-07 09:18:25.432571,0.09507279057055712,0.28521837171167136,4.457905944436789,0.9731623777747155,0.9402979583179193,0.6666666666666666,1.3692994878664908,74.76553469586739
2022-12-07 09:18:26.361598,0.07994010887108743,0.2398203266132623,4.426996637135744,0.9607986548542977,0.9416205839009114,0.6666666666666666,1.3712255481300588,74.90730012043922
2022-12-07 09:18:27.386263,0.09056518325582147,0.2716955497674644,4.459837776143104,0.9739351104572416,0.943705392065836,0.6666666666666666,1.3742615291478608,75.13096873774356
2022-12-07 09:18:28.382280,0.06963700643740595,0.20891101931221784,4.445027066394687,0.9680108265578747,0.9452734846137095,0.6666666666666666,1.376545048221508,75.29936986310713
2022-12-07 09:18:29.381024,0.08219391252845526,0.24658173758536578,4.410576067632064,0.9542304270528258,0.9458513518678462,0.6666666666666666,1.3773865616249399,75.36146482209016
2022-12-07 09:18:30.413669,0.12694801372475922,0.38084404117427767,4.477224261499941,0.9808897045999766,0.9481118907537902,0.6666666666666666,1.3806784487458719,75.60456050266983
2022-12-07 09:18:31.569844,0.09024321130476892,0.27072963391430677,4.451144533464685,0.9704578133858741,0.9495535631816666,0.6666666666666666,1.3827778697854474,75.7597531062466
2022-12-07 09:18:32.493709,0.11664491129107774,0.3499347338732332,4.437299739569426,0.9649198958277703,0.9505449394814153,0.6666666666666666,1.3842215515966436,75.86654328956925
2022-12-07 09:18:33.541974,0.11374716373160482,0.34124149119481445,4.435689879814163,0.9642759519256652,0.951430811252012,0.6666666666666666,1.3855115934935374,75.9620174898862
2022-12-07 09:18:34.500001,0.12598209787160158,0.37794629361480475,4.471750738332048,0.9787002953328193,0.9531901328056125,0.6666666666666666,1.3880735878922565,76.1517638834447
2022-12-07 09:18:35.492552,0.0789741930179298,0.23692257905378938,4.407034376170486,0.9528137504681946,0.9531658500741663,0.6666666666666666,1.3880382264076983,76.14914370351096
2022-12-07 09:18:36.475840,0.10440997715108097,0.3132299314532429,4.437943683471531,0.9651774733886124,0.9539407935138081,0.6666666666666666,1.3891667300332142,76.23277953256378
2022-12-07 09:18:37.520912,0.12308435031212867,0.369253050936386,4.461125663947314,0.9744502655789257,0.9552639852599447,0.6666666666666666,1.391093614766193,76.37566668908003
2022-12-07 09:18:38.572030,0.09410687471739948,0.28232062415219844,4.423454945674166,0.9593819782696665,0.9555296622283139,0.6666666666666666,1.391480504191516,76.40436868286447
2022-12-07 09:18:39.580402,0.09507279057055712,0.28521837171167136,4.443095234688371,0.9672380938753486,0.9562850449152195,0.6666666666666666,1.392580522666695,76.48599793102743
2022-12-07 09:18:40.558641,0.08766743569634855,0.26300230708904565,4.407678320072591,0.9530713280290366,0.9560777083419174,0.6666666666666666,1.3922785908576052,76.46358908929236
2022-12-07 09:18:41.647520,0.13821703201159835,0.41465109603479505,4.439875515177846,0.9659502060711385,0.9567146436792866,0.6666666666666666,1.3932061215658755,76.53243680969838
2022-12-07 09:18:42.620254,0.07704236131161452,0.23112708393484355,4.423454945674166,0.9593819782696665,0.9568867297818918,0.6666666666666666,1.3934567202299284,76.5510420607411
2022-12-07 09:18:43.676277,0.12018660275265575,0.36055980825796724,4.438909599324688,0.9655638397298754,0.957446543326923,0.6666666666666666,1.3942719431002228,76.61157887038394
2022-12-07 09:18:44.575308,0.11374716373160482,0.34124149119481445,4.4366557956673205,0.9646623182669283,0.9579120771940202,0.6666666666666666,1.3949498721334208,76.66193454384133
2022-12-07 09:18:45.722285,0.09893645398318768,0.29680936194956303,4.435045935912058,0.9640183743648232,0.9583060318502011,0.6666666666666666,1.3955235646573483,76.70455761775074
2022-12-07 09:18:46.743847,0.08927729545161128,0.26783188635483385,4.43536790786311,0.9641471631452442,0.9586828790305265,0.6666666666666666,1.3960723445908352,76.74533832166145
2022-12-07 09:18:47.695712,0.13403139664791525,0.40209418994374574,4.473360598087311,0.9793442392349244,0.9600158700114554,0.6666666666666666,1.3980134993613738,76.88965558048328
2022-12-07 09:18:48.694677,0.13499731250107289,0.40499193750321866,4.473038626136258,0.9792154504545034,0.9612545526206844,0.6666666666666666,1.3998173185098068,77.02385608816266
2022-12-07 09:18:49.641536,0.10923955641686917,0.3277186692506075,4.452754393219948,0.9711017572879792,0.9618898561476067,0.6666666666666666,1.400742472910451,77.09272069798429
2022-12-07 09:18:50.593406,0.1066637808084488,0.3199913424253464,4.448246785905212,0.9692987143620849,0.9623678470001538,0.6666666666666666,1.4014385423039954,77.14454882017714
2022-12-07 09:18:51.572014,0.08541363203898072,0.2562408961169422,4.43536790786311,0.9641471631452442,0.9624826415901596,0.6666666666666666,1.4016057107764084,77.15699789507961
2022-12-07 09:18:52.746169,0.10408800520002842,0.31226401560008527,4.471750738332048,0.9787002953328193,0.9635289418316215,0.6666666666666666,1.4031293750278455,77.27050122718187
2022-12-07 09:18:53.674607,0.09120912715792656,0.2736273814737797,4.426996637135744,0.9607986548542977,0.9633527942846974,0.6666666666666666,1.402872861926165,77.25138812205243
2022-12-07 09:18:54.705695,0.13531928445212543,0.4059578533563763,4.452110449317843,0.9708441797271372,0.9638361094745324,0.6666666666666666,1.4035766848325797,77.30383519104657
2022-12-07 09:18:55.721756,0.12437223811633885,0.37311671434901655,4.4678870749194175,0.977154829967767,0.9646953817644185,0.6666666666666666,1.404827991501993,77.39711324230424
2022-12-07 09:18:56.683068,0.12340632226318121,0.37021896678954364,4.458871860289946,0.9735487441159786,0.9652665664322612,0.6666666666666666,1.4056597734560379,77.45914203782843
2022-12-07 09:18:57.776447,0.07028095033951104,0.21084285101853312,4.43021635664627,0.9620865426585079,0.9650614036081481,0.6666666666666666,1.4053610071474416,77.43685981614856
2022-12-07 09:18:58.794877,0.07929616496898234,0.23788849490694702,4.462091579800472,0.9748366319201888,0.9656920634992476,0.6666666666666666,1.4062793992999092,77.50536209713489
2022-12-07 09:18:59.857463,0.06963700643740595,0.20891101931221784,4.456940028583631,0.9727760114334525,0.9661490923982287,0.6666666666666666,1.406944943058437,77.55501918763974
2022-12-07 09:19:00.905358,0.08831137959845364,0.26493413879536093,4.45178847736679,0.9707153909467161,0.9664436923045828,0.6666666666666666,1.407373951222634,77.58703455536565
2022-12-07 09:19:01.916211,0.08637954789213836,0.2591386436764151,4.455008196877316,0.9720032787509263,0.9668023753011211,0.6666666666666666,1.4078962797453343,77.62602097885724
2022-12-07 09:19:02.838372,0.0686710905842483,0.20601327175274492,4.41765945055522,0.9570637802220882,0.9661740788444094,0.6666666666666666,1.406981329320532,77.55773436819955
2022-12-07 09:19:03.923067,0.06223165156319738,0.18669495468959213,4.416693534702063,0.9566774138808252,0.9655613907822428,0.6666666666666666,1.4060891084640204,77.4911665058157
2022-12-07 09:19:04.929680,0.08187194057740271,0.24561582173220814,4.437299739569426,0.9649198958277703,0.9655200040109866,0.6666666666666666,1.4060288393927285,77.48667067563593
2022-12-07 09:19:05.948409,0.07156883814372123,0.21470651443116368,4.4543642529752105,0.9717457011900843,0.9659216618935091,0.6666666666666666,1.4066137496628939,77.53030688055487
2022-12-07 09:19:06.986129,0.05708010034635663,0.1712403010390699,4.4295724127441645,0.9618289650976659,0.9656576169389386,0.6666666666666666,1.406229236841326,77.50161990800272
2022-12-07 09:19:07.923974,0.060621791807934644,0.18186537542380393,4.433436076156795,0.9633744304627181,0.9655103145856341,0.6666666666666666,1.406014729264066,77.48561813136463
2022-12-07 09:19:08.858331,0.10215617349371314,0.30646852048113943,4.452110449317843,0.9708441797271372,0.965854434917344,0.6666666666666666,1.4065158510519062,77.52300266565024
2022-12-07 09:19:09.840929,0.08605757594108582,0.25817272782325745,4.452754393219948,0.9711017572879792,0.9661929718444818,0.6666666666666666,1.4070088420627374,77.55978742187857
2022-12-07 09:19:10.860952,0.1011902576405555,0.3035707729216665,4.457905944436789,0.9731623777747155,0.9666426109367551,0.6666666666666666,1.4076636244892313,77.60865473562754
2022-12-07 09:19:11.807063,0.07060292229056359,0.21180876687169076,4.425386777380481,0.9601547109521926,0.9662240367442028,0.6666666666666666,1.407054080011945,77.56316321016482
2022-12-07 09:19:12.816225,0.11310321982949972,0.33930965948849917,4.438265655422583,0.9653062621690334,0.9661648254812887,0.6666666666666666,1.406967854203129,77.55672883670545
2022-12-07 09:19:13.898727,0.11535702348686755,0.34607107046060265,4.4508225615136325,0.9703290246054531,0.9664334834892994,0.6666666666666666,1.4073590847375848,77.58592503664525
2022-12-07 09:19:14.857290,0.09120912715792656,0.2736273814737797,4.432148188352585,0.962859275341034,0.9662028894152177,0.6666666666666666,1.4070232844258304,77.56086514715533
2022-12-07 09:19:15.900122,0.11149336007423699,0.334480080222711,4.456296084681526,0.9725184338726104,0.9666103438963399,0.6666666666666666,1.407616635934673,77.60514751934711
2022-12-07 09:19:16.905853,0.11728885519318283,0.3518665655795485,4.443417206639424,0.9673668826557696,0.9666591528485612,0.6666666666666666,1.407687713482687,77.61045275699139
2022-12-07 09:19:17.834794,0.07607644545845688,0.22822933637537063,4.424420861527324,0.9597683446109295,0.9662145845751656,0.6666666666666666,1.4070403153854167,77.56213604740871
2022-12-07 09:19:18.910835,0.09475081861950457,0.2842524558585137,4.433436076156795,0.9633744304627181,0.9660313488259755,0.6666666666666666,1.4067734801601508,77.54222494247915
2022-12-07 09:19:19.936585,0.0825158844795078,0.24754765343852342,4.400272965198383,0.9501091860793531,0.9650041125197419,0.6666666666666666,1.4052775775735282,77.43063801607627
2022-12-07 09:19:20.854228,0.0825158844795078,0.24754765343852342,4.438265655422583,0.9653062621690334,0.9650236060455027,0.6666666666666666,1.405305964825255,77.43275498719386
2022-12-07 09:19:21.905108,0.1066637808084488,0.3199913424253464,4.443417206639424,0.9673668826557696,0.965174785181649,0.6666666666666666,1.4055261179287157,77.4491735997169
2022-12-07 09:19:22.930943,0.13081167713738978,0.39243503141216934,4.467565102968365,0.977026041187346,0.965939382343307,0.6666666666666666,1.406639554890501,77.53223225270287
2022-12-07 09:19:23.952778,0.12244040641002357,0.3673212192300707,4.461447635898367,0.9745790543593467,0.9664967805378903,0.6666666666666666,1.4074512604308873,77.59280441163243
2022-12-07 09:19:25.074440,0.1253381539694965,0.3760144619084895,4.467243131017312,0.976897252406925,0.9671677787229893,0.6666666666666666,1.4084283948201388,77.66574564283101
2022-12-07 09:19:26.117420,0.1282359015289694,0.38470770458690823,4.464667355408892,0.9758669421635568,0.9677290150739937,0.6666666666666666,1.409245689637387,77.72677547669014
2022-12-07 09:19:27.132794,0.09861448203213513,0.2958434460964054,4.436977767618373,0.9647911070473493,0.9675394726206619,0.6666666666666666,1.4089696703373553,77.70616222450906
2022-12-07 09:19:28.301668,0.10376603324897588,0.3112980997469276,4.454042281024158,0.9716169124096633,0.9678025332522103,0.6666666666666666,1.4093527497483767,77.73477134488797
2022-12-07 09:19:29.411446,0.07639841740950942,0.22919525222852827,4.4125078993383795,0.9550031597353519,0.9669767672188647,0.6666666666666666,1.4081502362295977,77.64497893658526
2022-12-07 09:19:30.628377,0.09990236983634532,0.29970710950903595,4.450178617611527,0.970071447044611,0.9671764239818161,0.6666666666666666,1.408440984391752,77.66668560317814
2022-12-07 09:19:31.754551,0.07768630521371961,0.23305891564115883,4.415727618848905,0.9562910475395621,0.9664741416307031,0.6666666666666666,1.4074182927489487,77.59034389810913
2022-12-07 09:19:32.888532,0.10859561251476407,0.3257868375442922,4.469818906625733,0.9779275626502932,0.9672130720190638,0.6666666666666666,1.4084943527290867,77.67067022922924
2022-12-07 09:19:33.948549,0.12437223811633885,0.37311671434901655,4.4608036919962615,0.9743214767985047,0.9676716787790278,0.6666666666666666,1.409162194231874,77.7205397774566
2022-12-07 09:19:35.071673,0.10762969666160643,0.3228890899848193,4.473360598087311,0.9793442392349244,0.9684247471955373,0.6666666666666666,1.4102588425739586,77.80245631872421
2022-12-07 09:19:36.283707,0.09410687471739948,0.28232062415219844,4.464989327359945,0.975995730943978,0.9689131977599529,0.6666666666666666,1.4109701438181927,77.85560633895452
2022-12-07 09:19:37.349605,0.11696688324213028,0.35090064972639085,4.482697784667835,0.983079113867134,0.9698271278313839,0.6666666666666666,1.4123010453347662,77.95509194346855
2022-12-07 09:19:38.405164,0.09378490276634693,0.2813547082990408,4.437943683471531,0.9651774733886124,0.9695271501253987,0.6666666666666666,1.411864205803697,77.92243254103157
2022-12-07 09:19:39.407148,0.08863335154950619,0.26590005464851857,4.442451290786266,0.9669805163145067,0.9693628511698573,0.6666666666666666,1.4116249470945934,77.90454710108806
2022-12-07 09:19:40.397137,0.10247814544476569,0.30743443633429707,4.455008196877316,0.9720032787509263,0.9695332013363779,0.6666666666666666,1.4118730178191028,77.92309130083582
2022-12-07 09:19:41.474128,0.1018342015426606,0.3055026046279818,4.46563327126205,0.97625330850482,0.9699667566375678,0.6666666666666666,1.4125043783858569,77.9702955216205
2022-12-07 09:19:42.533669,0.09539476252160967,0.286184287564829,4.434723963961005,0.9638895855844022,0.9695746810857507,0.6666666666666666,1.4119334222888464,77.92760701550522
2022-12-07 09:19:43.549853,0.056758128395304086,0.17027438518591226,4.430538328597322,0.9622153314389289,0.9690998843343429,0.6666666666666666,1.4112420042731075,77.87592406435084
2022-12-07 09:19:44.580042,0.09764856617897749,0.2929456985369325,4.437943683471531,0.9651774733886124,0.9688468255636506,0.6666666666666666,1.4108734899718227,77.8483833240477
2022-12-07 09:19:45.631041,0.05353840888477862,0.16061522665433586,4.416693534702063,0.9566774138808252,0.9680617022292749,0.6666666666666666,1.4097301619765181,77.76296120648085
2022-12-07 09:19:46.679876,0.09958039788529277,0.2987411936558783,4.441807346884161,0.9667229387536646,0.9679753303921388,0.6666666666666666,1.4096043838534131,77.75356608583122
2022-12-07 09:19:47.899247,0.09249701496213675,0.27749104488641024,4.422811001772061,0.9591244007088244,0.9674043026706347,0.6666666666666666,1.4087728304509024,77.6914634183461
2022-12-07 09:19:49.089261,0.07961813692003489,0.23885441076010466,4.429894384695217,0.9619577538780869,0.9670529124259543,0.6666666666666666,1.4082611219250827,77.65325716075274
2022-12-07 09:19:50.134340,0.052250521080568435,0.1567515632417053,4.389647890813649,0.9458591563254596,0.9656855733226967,0.6666666666666666,1.4062699480452843,77.50465701507116
2022-12-07 09:19:51.357970,0.06641728692688048,0.19925186078064144,4.3983411334920675,0.949336453396827,0.9646307913919955,0.6666666666666666,1.404733932418808,77.39010014493559
2022-12-07 09:19:52.366576,0.12018660275265575,0.36055980825796724,4.452754393219948,0.9711017572879792,0.9650482730627041,0.6666666666666666,1.4053418859220972,77.43543382465249
2022-12-07 09:19:53.346283,0.11471307958476246,0.34413923875428737,4.423776917625219,0.9595107670500875,0.9646910146102773,0.6666666666666666,1.4048216318774973,77.3966390574483
2022-12-07 09:19:54.456751,0.06577334302477539,0.19732002907432616,4.4054245164152235,0.9521698065660895,0.9638831947364588,0.6666666666666666,1.4036452522738587,77.30894539398368
2022-12-07 09:19:55.517542,0.06963700643740595,0.20891101931221784,4.410254095681012,0.9541016382724048,0.9632521265774876,0.6666666666666666,1.4027262655853905,77.24046586822898
2022-12-07 09:19:56.590632,0.11922068689949811,0.3576620606984943,4.439231571275741,0.9656926285102965,0.9634095783150882,0.6666666666666666,1.4029555531019198,77.25754934356674
2022-12-07 09:19:57.737499,0.09958039788529277,0.2987411936558783,4.4401974871288985,0.9660789948515595,0.9635817987367961,0.6666666666666666,1.403206347366821,77.27623688608328
2022-12-07 09:19:58.789115,0.09378490276634693,0.2813547082990408,4.426996637135744,0.9607986548542977,0.9634022410669575,0.6666666666666666,1.4029448683077872,77.25675322155563
2022-12-07 09:19:59.878078,0.10923955641686917,0.3277186692506075,4.432148188352585,0.962859275341034,0.9633672110201237,0.6666666666666666,1.402893856152794,77.25295235904977
2022-12-07 09:20:01.072883,0.10762969666160643,0.3228890899848193,4.425386777380481,0.9601547109521926,0.963159952951225,0.6666666666666666,1.4025920386649555,77.23046572831987
2022-12-07 09:20:02.171507,0.09153109910897911,0.2745932973269373,4.422489029821008,0.9589956119284034,0.9628912857884624,0.6666666666666666,1.402200794798984,77.20132022630301
2022-12-07 09:20:03.280656,0.13821703201159835,0.41465109603479505,4.4331141042057425,0.9632456416822971,0.9629141474590324,0.6666666666666666,1.4022340868778687,77.20380013672285
2022-12-07 09:20:04.411541,0.06963700643740595,0.20891101931221784,4.420879170065746,0.9583516680262983,0.9626197939472431,0.6666666666666666,1.4018054375232896,77.17187260773343
2022-12-07 09:20:05.520000,0.115035051535815,0.345105154607445,4.43150424445048,0.962601697780192,0.9626186264525947,0.6666666666666666,1.4018037373708965,77.17174598368048
2022-12-07 09:20:06.560009,0.11761082714423537,0.3528324814327061,4.456940028583631,0.9727760114334525,0.9632739416126501,0.6666666666666666,1.4027580335119414,77.24283270729616
2022-12-07 09:20:07.604624,0.12115251860581339,0.36345755581744016,4.459193832240999,0.9736775328963996,0.9639451410503114,0.6666666666666666,1.4037354609732218,77.31566867782972
2022-12-07 09:20:08.704708,0.10891758446581662,0.32675275339744986,4.454686224926263,0.9718744899705053,0.9644567119483884,0.6666666666666666,1.4044804309718777,77.37120015755909
2022-12-07 09:20:09.774004,0.10923955641686917,0.3277186692506075,4.445671010296792,0.9682684041187168,0.9647026275722806,0.6666666666666666,1.4048385431371495,77.39789999336583
2022-12-07 09:20:10.768185,0.12726998567581177,0.3818099570274353,4.454686224926263,0.9718744899705053,0.9651653283721662,0.6666666666666666,1.4055123465445845,77.44814651589412
2022-12-07 09:20:11.882183,0.0741446137521416,0.2224338412564248,4.421201142016798,0.9584804568067193,0.9647340463356858,0.6666666666666666,1.404884296396805,77.40131148379045
2022-12-07 09:20:12.973053,0.1288798454310745,0.3866395362932235,4.462091579800472,0.9748366319201888,0.965385826050815,0.6666666666666666,1.4058334440815714,77.47209566403409
2022-12-07 09:20:14.142985,0.07607644545845688,0.22822933637537063,4.4331141042057425,0.9632456416822971,0.9652477496399429,0.6666666666666666,1.4056323716906116,77.45709828998613
2022-12-07 09:20:15.107289,0.07994010887108743,0.2398203266132623,4.438587627373636,0.9654350509494544,0.9652598335953954,0.6666666666666666,1.4056499688297588,77.45841076197785
2022-12-07 09:20:16.283519,0.08444771618582309,0.25334314855746926,4.4366557956673205,0.9646623182669283,0.9652212842193653,0.6666666666666666,1.4055938316868577,77.45422383707297
2022-12-07 09:20:17.384005,0.08026208082213998,0.24078624246641994,4.423776917625219,0.9595107670500875,0.9648528637568313,0.6666666666666666,1.4050573230767895,77.41421335937913
2022-12-07 09:20:18.443382,0.0879894076474011,0.2639682229422033,4.4537203090731055,0.9714881236292423,0.9652809450389224,0.6666666666666666,1.4056807121580346,77.4607037551384
2022-12-07 09:20:19.506749,0.07092489424161613,0.2127746827248484,4.43021635664627,0.9620865426585079,0.9650748545627666,0.6666666666666666,1.4053805949654385,77.43832061493656
2022-12-07 09:20:20.603382,0.09958039788529277,0.2987411936558783,4.455330168828368,0.9721320675313474,0.9655301586252558,0.6666666666666666,1.4060436269480936,77.48777375843677
2022-12-07 09:20:21.732547,0.048708829618990424,0.14612648885697127,4.421201142016798,0.9584804568067193,0.9650753391530923,0.6666666666666666,1.405381300645249,77.43837324254923
2022-12-07 09:20:22.866648,0.10151222959160805,0.30453668877482415,4.423454945674166,0.9593819782696665,0.96470802554771,0.6666666666666666,1.404846403884826,77.39848610847042
2022-12-07 09:20:24.109147,0.09893645398318768,0.29680936194956303,4.43021635664627,0.9620865426585079,0.9645388976193744,0.6666666666666666,1.4046001130324368,77.38012291992229
2022-12-07 09:20:25.272853,0.09507279057055712,0.28521837171167136,4.430538328597322,0.9622153314389289,0.9643889901238618,0.6666666666666666,1.404381811742918,77.36384800942886
2022-12-07 09:20:26.314490,0.08219391252845526,0.24658173758536578,4.417015506653115,0.9568062026612462,0.9638997780294996,0.6666666666666666,1.4036694015283233,77.31074522370392
2022-12-07 09:20:27.333182,0.09797053813003004,0.2939116143900901,4.41765945055522,0.9570637802220882,0.9634587459128925,0.6666666666666666,1.4030271529239733,77.26288431455322
2022-12-07 09:20:28.417333,0.08026208082213998,0.24078624246641994,4.41765945055522,0.9570637802220882,0.9630461674812277,0.6666666666666666,1.4024263397134524,77.21812155586139
2022-12-07 09:20:29.521534,0.05611418449319899,0.16834255347959698,4.406712404219434,0.9526849616877735,0.9623777025913275,0.6666666666666666,1.4014528944099716,77.14561759444302
2022-12-07 09:20:30.500314,0.08122799667529762,0.24368399002589286,4.409932123729959,0.9539728494919837,0.9618354540042731,0.6666666666666666,1.4006632503338765,77.08682277323278
2022-12-07 09:20:31.518386,0.09925842593424022,0.2977752778027207,4.422811001772061,0.9591244007088244,0.9616605473400507,0.6666666666666666,1.400408544255207,77.067861714748
2022-12-07 09:20:32.542831,0.08444771618582309,0.25334314855746926,4.423776917625219,0.9595107670500875,0.9615218518374725,0.6666666666666666,1.4002065703181483,77.05282746790438
2022-12-07 09:20:33.567570,0.0602998198568821,0.1808994595706463,4.401560853002593,0.9506243412010372,0.9608187866351219,0.6666666666666666,1.399182738656068,76.9766343441725
2022-12-07 09:20:34.631755,0.07639841740950942,0.22919525222852827,4.38224253593944,0.9428970143757761,0.9596625432635512,0.6666666666666666,1.397498970822122,76.8513922252632
2022-12-07 09:20:35.649199,0.07865222106687725,0.23595666320063174,4.406390432268381,0.9525561729073525,0.9592040677566998,0.6666666666666666,1.396831320455366,76.80175277220454
2022-12-07 09:20:36.686332,0.1253381539694965,0.3760144619084895,4.4508225615136325,0.9703290246054531,0.9599218069082324,0.6666666666666666,1.3978765209090322,76.87946834394451
2022-12-07 09:20:37.735491,0.07382264180108905,0.22146792540326715,4.387716059107333,0.9450864236429335,0.9589646854072454,0.6666666666666666,1.3964827223055853,76.77583959279654
2022-12-07 09:20:38.682168,0.12308435031212867,0.369253050936386,4.43536790786311,0.9641471631452442,0.959299038809697,0.6666666666666666,1.3969696211004763,76.81203433777267
2022-12-07 09:20:39.706184,0.12694801372475922,0.38084404117427767,4.4366557956673205,0.9646623182669283,0.9596450568391958,0.6666666666666666,1.3974735063917223,76.84949873165777
2022-12-07 09:20:40.726745,0.12662604177370668,0.37987812532112003,4.439231571275741,0.9656926285102965,0.9600352227534603,0.6666666666666666,1.3980416815981656,76.89175158860063
2022-12-07 09:20:41.787137,0.11342519178055227,0.3402755753416568,4.428928468842059,0.9615713875368238,0.9601343301588388,0.6666666666666666,1.3981860057650193,76.90248580927246
2022-12-07 09:20:42.764744,0.07639841740950942,0.22919525222852827,4.397697189589962,0.949078875835985,0.9594210750412353,0.6666666666666666,1.3971473351408699,76.82524675766271
2022-12-07 09:20:43.858203,0.10215617349371314,0.30646852048113943,4.413151843240485,0.9552607372961939,0.9591526661544585,0.6666666666666666,1.3967564673867168,76.79618825619488
2022-12-07 09:20:44.865892,0.06834911863319576,0.20504735589958728,4.41894733835943,0.9575789353437723,0.9590511351344142,0.6666666666666666,1.3966086138552705,76.78519740169985
2022-12-07 09:20:45.822393,0.09861448203213513,0.2958434460964054,4.411220011534169,0.9544880046136678,0.9587567396169467,0.6666666666666666,1.3961799033303433,76.75333215984303
2022-12-07 09:20:46.886426,0.12791392957791686,0.3837417887337506,4.443417206639424,0.9673668826557696,0.9593122327162257,0.6666666666666666,1.3969888345947659,76.81346275194605
2022-12-07 09:20:47.917193,0.11052744422107935,0.33158233266323806,4.427962552988902,0.9611850211955608,0.9594330577794087,0.6666666666666666,1.397164784883368,76.82654413243095
2022-12-07 09:20:48.921249,0.12501618201844394,0.37504854605533183,4.470462850527838,0.9781851402111352,0.9606428695491975,0.6666666666666666,1.398926561160911,76.95757426640697
2022-12-07 09:20:49.877987,0.08412574423477054,0.2523772327043116,4.430538328597322,0.9622153314389289,0.9607443187033737,0.6666666666666666,1.3990742954760065,76.96856574970205
2022-12-07 09:20:51.028650,0.09764856617897749,0.2929456985369325,4.43150424445048,0.962601697780192,0.9608641496115556,0.6666666666666666,1.3992487980363413,76.9815495788033
2022-12-07 09:20:51.973541,0.08380377228371799,0.251411316851154,4.4160495907999575,0.9564198363199831,0.9605774197217768,0.6666666666666666,1.3988312505049902,76.9504834422055
2022-12-07 09:20:52.941490,0.07865222106687725,0.23595666320063174,4.433758048107848,0.9635032192431391,0.9607661809812196,0.6666666666666666,1.399106132199242,76.97093449196599
2022-12-07 09:20:53.957801,0.08605757594108582,0.25817272782325745,4.437943683471531,0.9651774733886124,0.961050780491374,0.6666666666666666,1.399520577386594,77.00177294940825
2022-12-07 09:20:54.971323,0.10376603324897588,0.3112980997469276,4.458227916387841,0.9732911665551365,0.9618404828180684,0.6666666666666666,1.4006705734936193,77.08736795705424
2022-12-07 09:20:56.059417,0.09442884666845203,0.2832865400053561,4.433436076156795,0.9633744304627181,0.9619394471822394,0.6666666666666666,1.4008146893581468,77.09809718533803
2022-12-07 09:20:57.062046,0.08895532350055874,0.2668659705016762,4.438587627373636,0.9654350509494544,0.9621649700059308,0.6666666666666666,1.4011431047122918,77.12254940821776
2022-12-07 09:20:58.169306,0.05289446498267353,0.15868339494802058,4.39866310544312,0.949465242177248,0.961345632726661,0.6666666666666666,1.3999499530022732,77.03372738629017
2022-12-07 09:20:59.114395,0.06834911863319576,0.20504735589958728,4.404458600562066,0.9517834402248264,0.9607287170813814,0.6666666666666666,1.3990515757701782,76.96687535649932
2022-12-07 09:21:00.051678,0.04903080157004297,0.1470924047101289,4.386106199352071,0.9444424797408284,0.9596779920916684,0.6666666666666666,1.3975214680233994,76.85306509549268
2022-12-07 09:21:01.019966,0.08863335154950619,0.26590005464851857,4.419269310310483,0.9577077241241932,0.9595508780292508,0.6666666666666666,1.3973363594426251,76.83930101676432
2022-12-07 09:21:02.121712,0.07060292229056359,0.21180876687169076,4.426996637135744,0.9607986548542977,0.959631379759899,0.6666666666666666,1.3974535892819266,76.84801774031098
2022-12-07 09:21:03.143928,0.09410687471739948,0.28232062415219844,4.407678320072591,0.9530713280290366,0.9592081506159724,0.6666666666666666,1.3968372660783055,76.80219477161698
2022-12-07 09:21:04.088537,0.1060198369063437,0.3180595107190311,4.430860300548375,0.9623441202193499,0.9594104712355452,0.6666666666666666,1.3971318934549952,76.82409868737939
2022-12-07 09:21:05.248169,0.07929616496898234,0.23788849490694702,4.4295724127441645,0.9618289650976659,0.9595665030976176,0.6666666666666666,1.3973591132920016,76.84099286862964
2022-12-07 09:21:06.362493,0.07060292229056359,0.21180876687169076,4.399629021296278,0.9498516085185111,0.9589397357054172,0.6666666666666666,1.3964463895520858,76.77313897720971
2022-12-07 09:21:07.248531,0.06899306253530085,0.20697918760590256,4.404136628611013,0.9516546514444054,0.958469730269223,0.6666666666666666,1.3957619488411577,76.7222712976824
2022-12-07 09:21:08.363703,0.10988350031897426,0.3296505009569228,4.432470160303637,0.962988064121455,0.9587612356790445,0.6666666666666666,1.3961864506757602,76.75381877333072
2022-12-07 09:21:09.326566,0.08992123935371638,0.2697637180611491,4.411863955436274,0.9547455821745099,0.9585021612593971,0.6666666666666666,1.395809176145911,76.72578081709536
2022-12-07 09:21:10.225527,0.11439110763370991,0.34317332290112973,4.436977767618373,0.9647911070473493,0.9589078996973296,0.6666666666666666,1.396400028684039,76.7696930244396
2022-12-07 09:21:11.166805,0.08766743569634855,0.26300230708904565,4.409932123729959,0.9539728494919837,0.9585895093615009,0.6666666666666666,1.395936375945101,76.73523349892635
2022-12-07 09:21:12.236789,0.07124686619266868,0.21374059857800604,4.376125068869442,0.9404500275477767,0.9574192202122284,0.6666666666666666,1.3942321540879983,76.60862379084163
2022-12-07 09:21:13.209011,0.11793279909528792,0.35379839728586376,4.4089662078768015,0.9535864831507207,0.9571719468534214,0.6666666666666666,1.39387206473485,76.58188240611196
2022-12-07 09:21:14.223076,0.07382264180108905,0.22146792540326715,4.374837181065232,0.9399348724260927,0.9560598775355293,0.6666666666666666,1.3922526249243183,76.46166206190703
2022-12-07 09:21:15.184785,0.06609531497582793,0.1982859449274838,4.377412956673652,0.9409651826694608,0.9550860262538475,0.6666666666666666,1.3908344637452272,76.35644348765258
2022-12-07 09:21:16.161284,0.11342519178055227,0.3402755753416568,4.433758048107848,0.9635032192431391,0.9556290709628341,0.6666666666666666,1.3916252671659153,76.41510921585069
2022-12-07 09:21:17.214839,0.08541363203898072,0.2562408961169422,4.418625366408378,0.9574501465633513,0.9557465597112547,0.6666666666666666,1.3917963589795466,76.4278039376017
2022-12-07 09:21:18.219524,0.10988350031897426,0.3296505009569228,4.408000292023644,0.9532001168094576,0.9555822730724292,0.6666666666666666,1.3915571182065372,76.41005290484593
2022-12-07 09:21:19.249119,0.10312208934687078,0.30936626804061235,4.412829871289432,0.9551319485157729,0.9555532198752256,0.6666666666666666,1.39151480977898,76.40691389646925
2022-12-07 09:21:20.237928,0.07124686619266868,0.21374059857800604,4.401560853002593,0.9506243412010372,0.9552352277026973,0.6666666666666666,1.391051736861362,76.3725601604071
2022-12-07 09:21:21.272665,0.1240502661652863,0.3721507984958589,4.436011851765215,0.9644047407060863,0.955826809186787,0.6666666666666666,1.3919132214748609,76.43647540245071
2022-12-07 09:21:22.243656,0.07672038936056197,0.2301611680816859,4.390291834715754,0.9461167338863016,0.955200352715788,0.6666666666666666,1.3910009505108316,76.3687928629839
2022-12-07 09:21:23.217251,0.1240502661652863,0.3721507984958589,4.423454945674166,0.9593819782696665,0.9554701350095866,0.6666666666666666,1.3913938182752097,76.39793739269798
2022-12-07 09:21:24.206955,0.07511052960529924,0.2253315888158977,4.391257750568911,0.9465031002275647,0.954891616636553,0.6666666666666666,1.390551356686403,76.33544541222076
2022-12-07 09:21:25.259965,0.12791392957791686,0.3837417887337506,4.424098889576271,0.9596395558305085,0.9551979352942276,0.6666666666666666,1.3909974301648866,76.36853172873194
2022-12-07 09:21:26.399059,0.11439110763370991,0.34317332290112973,4.431826216401532,0.962730486560613,0.9556839063436718,0.6666666666666666,1.3917051206402677,76.42103410694769
2022-12-07 09:21:27.361318,0.11406913568265736,0.3422074070479721,4.445671010296792,0.9682684041187168,0.9564958094259329,0.6666666666666666,1.3928874463753211,76.50877985235275
2022-12-07 09:21:28.395169,0.08154996862635017,0.2446499058790505,4.424098889576271,0.9596395558305085,0.9566986317746152,0.6666666666666666,1.3931828043900032,76.53070575605653
2022-12-07 09:21:29.347218,0.12211843445897103,0.3663553033769131,4.434401992009953,0.9637607968039812,0.957154255324897,0.6666666666666666,1.3938463016235576,76.57996929299412
2022-12-07 09:21:30.312258,0.12759195762686432,0.38277587288059295,4.467243131017312,0.976897252406925,0.9584279970721246,0.6666666666666666,1.3957011752907014,76.71775523096004
2022-12-07 09:21:31.326798,0.07704236131161452,0.23112708393484355,4.422489029821008,0.9589956119284034,0.9584646173854329,0.6666666666666666,1.395754503255327,76.72171801263406
2022-12-07 09:21:32.286875,0.0644854552205652,0.1934563656616956,4.408644235925749,0.9534576943702997,0.9581415900941339,0.6666666666666666,1.3952840979964087,76.68676508765894
2022-12-07 09:21:33.414497,0.10312208934687078,0.30936626804061235,4.429250440793112,0.9617001763172448,0.9583711763020766,0.6666666666666666,1.3956184306131887,76.71160666007219
2022-12-07 09:21:34.417451,0.07672038936056197,0.2301611680816859,4.413151843240485,0.9552607372961939,0.9581705028178262,0.6666666666666666,1.3953262018608217,76.68989331726459
2022-12-07 09:21:35.357435,0.07156883814372123,0.21470651443116368,4.41765945055522,0.9570637802220882,0.9580991013600367,0.6666666666666666,1.395222224202762,76.68216808256224
2022-12-07 09:21:36.358964,0.04999671742320061,0.14999015226960183,4.390291834715754,0.9461167338863016,0.9573260453939894,0.6666666666666666,1.3940964691917712,76.5985469754023
2022-12-07 09:21:37.351173,0.09861448203213513,0.2958434460964054,4.423454945674166,0.9593819782696665,0.9574586862246782,0.6666666666666666,1.3942896260735085,76.61289217649674
2022-12-07 09:21:38.452847,0.06545137107372284,0.19635411322116852,4.394477470079437,0.9477909880317749,0.9568349637606199,0.6666666666666666,1.3933813364797143,76.54544514555907
2022-12-07 09:21:39.459544,0.08090602472424507,0.24271807417273522,4.439875515177846,0.9659502060711385,0.9574230439096857,0.6666666666666666,1.394237722309139,76.60903733293257
2022-12-07 09:21:40.437981,0.09958039788529277,0.2987411936558783,4.445027066394687,0.9680108265578747,0.9581061266611818,0.6666666666666666,1.3952324547272197,76.68292816720033
2022-12-07 09:21:41.420168,0.11117138812318444,0.33351416436955333,4.453076365171,0.9712305460684002,0.9589528633971314,0.6666666666666666,1.3964655066217146,76.7745599454968
2022-12-07 09:21:42.468925,0.06706123082898557,0.20118369248695672,4.3954433859325945,0.9481773543730379,0.9582576692665447,0.6666666666666666,1.395453137129088,76.69932464119252
2022-12-07 09:21:43.495105,0.0506406613253057,0.1519219839759171,4.3848183115478605,0.9439273246191443,0.9573331309021963,0.6666666666666666,1.39410678739216,76.59931325205916
2022-12-07 09:21:44.477747,0.04613305401057005,0.13839916203171015,4.394477470079437,0.9477909880317749,0.956717508781524,0.6666666666666666,1.393210293842324,76.53274655867662
2022-12-07 09:21:45.457240,0.06126573571003974,0.1837972071301192,4.392867610324174,0.9471470441296698,0.9561000594491462,0.6666666666666666,1.3923111394337355,76.46600466520086
2022-12-07 09:21:46.459177,0.08187194057740271,0.24561582173220814,4.390291834715754,0.9461167338863016,0.9554559739289626,0.6666666666666666,1.391373196343327,76.39640746748024
2022-12-07 09:21:47.520327,0.08605757594108582,0.25817272782325745,4.404780572513118,0.9519122290052474,0.9552273452242068,0.6666666666666666,1.3910402580809769,76.37170866592342
2022-12-07 09:21:48.624410,0.07253475399687886,0.2176042619906366,4.406068460317329,0.9524273841269315,0.9550467025727698,0.6666666666666666,1.3907771990283528,76.35219597934616
2022-12-07 09:21:49.568431,0.06673925887793303,0.20021777663379908,4.375803096918389,0.9403212387673557,0.9540966726498399,0.6666666666666666,1.389393727464453,76.24960706411422
2022-12-07 09:21:50.568388,0.07961813692003489,0.23885441076010466,4.383208451792598,0.9432833807170392,0.9533990409122398,0.6666666666666666,1.3883778082310176,76.17430712963764
2022-12-07 09:21:51.536952,0.07189081009477377,0.21567243028432131,4.372583377407864,0.9390333509631456,0.9524722222058467,0.6666666666666666,1.3870281377688172,76.0743137993615
2022-12-07 09:21:52.508797,0.11761082714423537,0.3528324814327061,4.413473815191537,0.955389526076615,0.9526604353587995,0.6666666666666666,1.3873022212884805,76.09461579957058
2022-12-07 09:21:53.468424,0.11922068689949811,0.3576620606984943,4.4295724127441645,0.9618289650976659,0.9532519534064683,0.6666666666666666,1.3881636135233264,76.15843466909232
2022-12-07 09:21:54.506414,0.08283785643056035,0.24851356929168106,4.384496339596808,0.9437985358387233,0.9526420554988719,0.6666666666666666,1.3872754558014737,76.09263312630938
2022-12-07 09:21:55.473942,0.12308435031212867,0.369253050936386,4.408322263974696,0.9533289055898786,0.9526863684079692,0.6666666666666666,1.387339986031701,76.09741328464884
2022-12-07 09:21:56.520982,0.10280011739581824,0.3084003521874547,4.403492684708908,0.9513970738835633,0.9526031881160721,0.6666666666666666,1.387218855564398,76.08844048724339
2022-12-07 09:21:57.494535,0.1018342015426606,0.3055026046279818,4.416693534702063,0.9566774138808252,0.9528660413912176,0.6666666666666666,1.3876016330147336,76.11679629820667
2022-12-07 09:21:58.578511,0.11278124787844718,0.33834374363534153,4.424742833478376,0.9598971333913506,0.9533196602299359,0.6666666666666666,1.388262210907144,76.1657408685294
2022-12-07 09:21:59.546902,0.11664491129107774,0.3499347338732332,4.423454945674166,0.9593819782696665,0.9537107775228217,0.6666666666666666,1.3888317715491798,76.20795135588457
2022-12-07 09:22:00.508662,0.1198646308016032,0.3595938924048096,4.425386777380481,0.9601547109521926,0.9541265151634264,0.6666666666666666,1.3894371853260905,76.25282879885833
2022-12-07 09:22:01.542270,0.09507279057055712,0.28521837171167136,4.3947994420304894,0.9479197768121959,0.9537260804310891,0.6666666666666666,1.3888540562561367,76.20960307191528
2022-12-07 09:22:02.586044,0.11181533202528954,0.3354459960758686,4.414761702995747,0.955904681198299,0.9538666353192962,0.6666666666666666,1.389058737904902,76.22477447658044
2022-12-07 09:22:03.614270,0.11825477104634047,0.3547643131390214,4.437299739569426,0.9649198958277703,0.954579748900488,0.6666666666666666,1.3900972024180691,76.30176539032993
2022-12-07 09:22:04.599047,0.09153109910897911,0.2745932973269373,4.429250440793112,0.9617001763172448,0.9550391313144724,0.6666666666666666,1.3907661734592578,76.35137818784459
2022-12-07 09:22:05.566529,0.07189081009477377,0.21567243028432131,4.386750143254176,0.9447000573016704,0.9543720942813884,0.6666666666666666,1.3897948074579707,76.2793429895422
2022-12-07 09:22:06.569120,0.0741446137521416,0.2224338412564248,4.389003946911544,0.9456015787646175,0.953806254570629,0.6666666666666666,1.3889708090441661,76.21825687495239
2022-12-07 09:22:07.738086,0.12147449055686593,0.3644234716705978,4.448246785905212,0.9692987143620849,0.9548057681055617,0.6666666666666666,1.3904263406226325,76.32617366685028
2022-12-07 09:22:08.788729,0.0879894076474011,0.2639682229422033,4.408000292023644,0.9532001168094576,0.9547021776993615,0.6666666666666666,1.3902754881307142,76.31498635416901
2022-12-07 09:22:09.873170,0.0651293991226703,0.19538819736801089,4.420557198114693,0.9582228792458773,0.9549293197346206,0.6666666666666666,1.390606261445494,76.3395175293943
2022-12-07 09:22:10.772830,0.08187194057740271,0.24561582173220814,4.421201142016798,0.9584804568067193,0.9551584253521754,0.6666666666666666,1.3909398942073328,76.36426384196949
2022-12-07 09:22:11.769883,0.11181533202528954,0.3354459960758686,4.461447635898367,0.9745790543593467,0.9564113691590898,0.6666666666666666,1.3927644810821171,76.49965223604251
2022-12-07 09:22:12.776928,0.07060292229056359,0.21180876687169076,4.405746488366276,0.9522985953465105,0.956146028913117,0.6666666666666666,1.3923780820054128,76.47097286617219
2022-12-07 09:22:13.781813,0.05643615644425154,0.16930846933275462,4.403814656659961,0.9515258626639844,0.9558479536712375,0.6666666666666666,1.3919440129186507,76.43876026111923
2022-12-07 09:22:14.792902,0.10473194910213351,0.31419584730640054,4.4260307212825865,0.9604122885130346,0.9561424268868374,0.6666666666666666,1.3923728365907053,76.47058356868901
2022-12-07 09:22:15.926906,0.0602998198568821,0.1808994595706463,4.388681974960491,0.9454727899841965,0.9554540632156994,0.6666666666666666,1.3913704138862668,76.3962010400399
2022-12-07 09:22:16.919303,0.10215617349371314,0.30646852048113943,4.427318609086797,0.9609274436347187,0.9558071845330556,0.6666666666666666,1.3918846432693397,76.43435479917304
2022-12-07 09:22:17.894476,0.04838685766793788,0.14516057300381363,4.391257750568911,0.9465031002275647,0.9552069210294756,0.6666666666666666,1.3910105155518795,76.36950238585017
2022-12-07 09:22:18.864128,0.10762969666160643,0.3228890899848193,4.444383122492582,0.9677532489970327,0.9560163615435116,0.6666666666666666,1.3921892551966093,76.4569592398578
2022-12-07 09:22:19.873081,0.058689960101619365,0.1760698803048581,4.386428171303123,0.9445712685212494,0.9552779684453011,0.6666666666666666,1.3911139776398733,76.37717723710622
2022-12-07 09:22:20.897772,0.05836798815056682,0.17510396445170046,4.383852395694703,0.9435409582778812,0.9545207419828869,0.6666666666666666,1.3900112741850692,76.29539360679709
2022-12-07 09:22:21.840541,0.05482629668898881,0.16447889006696642,4.38353042374365,0.9434121694974602,0.9538040598870531,0.6666666666666666,1.3889676130581812,76.21801998107692
2022-12-07 09:22:22.849450,0.09958039788529277,0.2987411936558783,4.415405646897852,0.9561622587591411,0.9539562017497685,0.6666666666666666,1.3891891681225697,76.23444282547322
2022-12-07 09:22:23.902112,0.06706123082898557,0.20118369248695672,4.384174367645755,0.9436697470583022,0.9532925595116094,0.6666666666666666,1.3882227457574041,76.1628164152397
2022-12-07 09:22:24.900643,0.10473194910213351,0.31419584730640054,4.402848740806803,0.9511394963227213,0.9531536522091005,0.6666666666666666,1.388020463388817,76.14782753017185
2022-12-07 09:22:25.991206,0.06416348326951266,0.19249044980853797,4.379988732282072,0.941995492912829,0.9524337709641799,0.6666666666666666,1.3869721435331002,76.07016643294807
2022-12-07 09:22:27.032424,0.06738320278003812,0.20214960834011436,4.381598592037335,0.9426394368149341,0.9518018784384222,0.6666666666666666,1.3860519563687523,76.00202269888767
2022-12-07 09:22:27.984400,0.12179646250791848,0.36538938752375544,4.409610151778907,0.9538440607115627,0.9519336321334636,0.6666666666666666,1.3862438213680843,76.01622917343533
2022-12-07 09:22:29.028063,0.12115251860581339,0.36345755581744016,4.422811001772061,0.9591244007088244,0.9523975526867128,0.6666666666666666,1.3869194010291432,76.06625999442922
2022-12-07 09:22:30.017257,0.08283785643056035,0.24851356929168106,4.386428171303123,0.9445712685212494,0.9518926311276507,0.6666666666666666,1.386184114063857,76.01180808943676
2022-12-07 09:22:31.059792,0.08380377228371799,0.251411316851154,4.401560853002593,0.9506243412010372,0.951810805971095,0.6666666666666666,1.3860649569988277,76.0029852868432
2022-12-07 09:22:32.022755,0.07092489424161613,0.2127746827248484,4.371939433505759,0.9387757734023036,0.9509698361279473,0.6666666666666666,1.3848403030842396,75.91233046748032
2022-12-07 09:22:33.008258,0.07156883814372123,0.21470651443116368,4.411863955436274,0.9547455821745099,0.9512134326470804,0.6666666666666666,1.385195038076424,75.93858539473715
2022-12-07 09:22:33.975823,0.11728885519318283,0.3518665655795485,4.439231571275741,0.9656926285102965,0.952147574315675,0.6666666666666666,1.3865553725290156,76.03929987768883
2022-12-07 09:22:34.937265,0.10730772471055389,0.32192317413166166,4.427640581037849,0.9610562324151397,0.9527223264511243,0.6666666666666666,1.3873923495720464,76.10129226488725
2022-12-07 09:22:35.952353,0.07736433326266706,0.2320929997880012,4.392867610324174,0.9471470441296698,0.9523626308174821,0.6666666666666666,1.3868685464067019,76.06249345718987
2022-12-07 09:22:37.091137,0.11149336007423699,0.334480080222711,4.425386777380481,0.9601547109521926,0.9528653456648829,0.6666666666666666,1.3876006198702242,76.11672124000805
2022-12-07 09:22:38.042198,0.09120912715792656,0.2736273814737797,4.403492684708908,0.9513970738835633,0.952770618453185,0.6666666666666666,1.3874626743165648,76.10650189268263
2022-12-07 09:22:39.070288,0.12855787348002196,0.38567362044006587,4.458227916387841,0.9732911665551365,0.9540945247823432,0.6666666666666666,1.3893905996539146,76.24937518689451
2022-12-07 09:22:40.040385,0.08412574423477054,0.2523772327043116,4.405102544464171,0.9520410177856684,0.9539620404599771,0.6666666666666666,1.3891976706858558,76.23507310797207
2022-12-07 09:22:40.987705,0.08154996862635017,0.2446499058790505,4.420557198114693,0.9582228792458773,0.9542369332848739,0.6666666666666666,1.389597980609981,76.2647497612039
2022-12-07 09:22:41.977621,0.12244040641002357,0.3673212192300707,4.463701439555734,0.9754805758222939,0.9556074908679333,0.6666666666666666,1.3915938413687683,76.41277756331627
2022-12-07 09:22:42.947495,0.07607644545845688,0.22822933637537063,4.407678320072591,0.9530713280290366,0.9554438674589723,0.6666666666666666,1.3913555664176092,76.39509952623727
2022-12-07 09:22:44.038145,0.0921750430110842,0.2765251290332526,4.406390432268381,0.9525561729073525,0.9552575645846743,0.6666666666666666,1.391084264722112,76.37497309285898
2022-12-07 09:22:45.108655,0.10891758446581662,0.32675275339744986,4.464667355408892,0.9758669421635568,0.956587201847828,0.6666666666666666,1.3930205356747167,76.51865943788003
2022-12-07 09:22:46.125957,1.1669174156244844,3.500752246873453,4.461447635898367,0.9745790543593467,0.9577479665259906,0.6666666666666666,1.3947108876161216,76.64418163572412
2022-12-07 09:22:47.075491,0.03518600767478347,0.10555802302435041,3.7160825692117214,0.6764330276846886,0.9395986156330034,0.6666666666666666,1.3682810770831562,74.69061731108499
2022-12-07 09:22:48.158971,0.022951073534786703,0.06885322060436011,2.8641447867266834,0.3356579146906734,0.9006346994431756,0.6666666666666666,1.311540264224808,70.56200820771988
2022-12-07 09:22:49.265252,-0.0015187947452068307,-0.004556384235620492,2.3035916199442,0.11143664797768,0.8497186961228211,0.6666666666666666,1.2373943441427422,65.30144685397525
2022-12-07 09:22:50.333136,0.021985157681629064,0.06595547304488719,2.0836847773753107,0.0234739109501243,0.7964125809503891,0.6666666666666666,1.159767847605052,59.9572125571337
2022-12-07 09:22:51.425206,0.03711783938109875,0.11135351814329625,2.082074917620048,0.022829967048019206,0.7465040252147525,0.6666666666666666,1.087089012982019,55.10498821800892
2022-12-07 09:22:52.392761,-0.0028066825494170167,-0.00842004764825105,2.055029273731634,0.012011709492653644,0.6991174242004236,0.6666666666666666,1.0180827496729628,50.63344662525739
2022-12-07 09:22:53.341546,0.03711783938109875,0.11135351814329625,2.092056048102677,0.026822419241070785,0.6557435529127235,0.6666666666666666,0.9549199838542645,46.656247602037446
2022-12-07 09:22:54.308304,0.05257249303162098,0.15771747909486294,2.109120561508462,0.03364822460338477,0.6156083704411532,0.6666666666666666,0.8964735261994368,43.07452051597401
2022-12-07 09:22:55.285850,0.03776178328320384,0.11328534984961153,2.080465057864785,0.022186023145914113,0.5773230577124281,0.6666666666666666,0.8407209228373789,39.74611158034862
2022-12-07 09:22:56.273136,0.049352773521095517,0.14805832056328655,2.090446188347414,0.026178475338965692,0.5417653427205918,0.6666666666666666,0.7889403563719118,36.73199520989432
2022-12-07 09:22:57.322816,0.0029888125695288204,0.008966437708586461,2.0482678627595305,0.009307145103812253,0.5074132009388642,0.6666666666666666,0.7389153938238885,33.89064811898892
2022-12-07 09:22:58.552550,0.020053325975313785,0.060159977925941355,2.06082476885058,0.01432990754023198,0.47560137555830734,0.6666666666666666,0.6925897416023116,31.321272169514984
2022-12-07 09:22:59.566232,0.008140363786369564,0.024421091359108693,2.0505216664168984,0.010208666566759384,0.4455760394943365,0.6666666666666666,0.6488656465623074,28.950751271495818
2022-12-07 09:23:00.623670,0.0506406613253057,0.1519219839759171,2.1100864773616195,0.03403459094464783,0.4190249782975824,0.6666666666666666,0.610200929514464,26.898672185694792
2022-12-07 09:23:01.635688,-0.0034506264515221097,-0.010351879354566329,2.062756600556895,0.01510264022275809,0.3929654726153357,0.6666666666666666,0.5722520352633401,24.924875422200586
2022-12-07 09:23:02.585121,0.03518600767478347,0.10555802302435041,2.084006749326363,0.02360269973054532,0.369135616300188,0.6666666666666666,0.5375500455805854,23.154894552697577
2022-12-07 09:23:03.629914,0.051284605227410796,0.1538538156822324,2.0923780200537294,0.026951208021491802,0.3470592028628528,0.6666666666666666,0.5054014895337889,21.544935041479683
2022-12-07 09:23:04.602591,-0.0028066825494170167,-0.00842004764825105,2.056317161535844,0.012526864614337718,0.3254764713629486,0.6666666666666666,0.47397185286580545,19.99866984973912
2022-12-07 09:23:05.683370,-0.0011968227941542842,-0.0035904683824628525,2.0547073017805815,0.011882920712232625,0.3052446293854831,0.6666666666666666,0.4445094355402404,18.57404903128831
2022-12-07 09:23:06.867454,-0.004094570353627203,-0.012283711060881608,2.0611467408016324,0.014458696320652997,0.2864842466071069,0.6666666666666666,0.41718981594161486,17.2745382115775
2022-12-07 09:23:07.879735,0.051284605227410796,0.1538538156822324,2.1084766176063567,0.033390647042542736,0.27015562728036085,0.6666666666666666,0.39341142752346125,16.16031088013317
2022-12-07 09:23:09.029237,0.005886560129001739,0.017659680387005217,2.064366460312158,0.015746584124863183,0.2537421406251675,0.6666666666666666,0.3695094519079183,15.056085811016215
2022-12-07 09:23:10.374155,-0.0021627386473119237,-0.006488215941935771,2.043760255444795,0.007504102177917993,0.2378558155640546,0.6666666666666666,0.3463751500859977,14.002405461964239
2022-12-07 09:23:11.450464,0.046776997912675145,0.14033099373802543,2.0910901322495192,0.02643605289980773,0.2242158308760387,0.6666666666666666,0.32651205894282614,13.109552079291358
2022-12-07 09:23:12.579653,0.0010569808632135413,0.003170942589640624,2.0476239188574255,0.009049567542970217,0.21033413646745364,0.6666666666666666,0.30629698043898884,12.212104307499914
2022-12-07 09:23:13.674664,0.04548911010846496,0.13646733032539488,2.0817529456689954,0.02270117826759819,0.19822878432552749,0.6666666666666666,0.2886686825768567,11.438741494946628
2022-12-07 09:23:14.664165,-0.0008748508431017377,-0.002624552529305213,2.049233778612688,0.00969351144507531,0.18606521833324025,0.6666666666666666,0.2709556113779529,10.670334838488245
2022-12-07 09:23:15.772014,0.017155578415840866,0.0514667352475226,2.0788551981095225,0.02154207924380902,0.1754508222629544,0.6666666666666666,0.25549850336821667,10.006898839888477
2022-12-07 09:23:16.882174,0.03518600767478347,0.10555802302435041,2.0724157590884715,0.01896630363538865,0.16535504686762756,0.6666666666666666,0.2407966315241409,9.382022980285583
2022-12-07 09:23:18.058066,0.03518600767478347,0.10555802302435041,2.0946318237110972,0.027852729484438933,0.15648392961709928,0.6666666666666666,0.2278781558425794,8.83789180998762
2022-12-07 09:23:19.268555,0.025848821094259622,0.07754646328277887,2.0872264688368887,0.024890587534755506,0.14799403657952873,0.6666666666666666,0.21551483410445424,8.321475511708304
2022-12-07 09:23:20.244971,0.05096263327635825,0.15288789982907475,2.0901242163963616,0.02604968655854467,0.14012665915882008,0.6666666666666666,0.20405804450097578,7.846706980365024
2022-12-07 09:23:21.261663,0.012004027199000122,0.03601208159700037,2.0559951895847917,0.012398075833916701,0.13188610539592308,0.6666666666666666,0.19205782058529647,7.353319469452871
2022-12-07 09:23:22.312785,0.03711783938109875,0.11135351814329625,2.079177170060575,0.02167086802423004,0.12477544492032999,0.6666666666666666,0.1817029924571574,6.930790076787443
2022-12-07 09:23:23.392818,0.048708829618990424,0.14612648885697127,2.093343935906887,0.027337574362754857,0.11848913069080902,0.6666666666666666,0.17254861029679483,6.559719933092335
2022-12-07 09:23:24.399209,0.008784307688474657,0.026352923065423972,2.051487582270056,0.01059503290802244,0.11152822115643571,0.6666666666666666,0.16241185547755307,6.1515395456910476
2022-12-07 09:23:25.549028,0.008784307688474657,0.026352923065423972,2.074347590794787,0.019739036317914762,0.1056063382636279,0.6666666666666666,0.15378817280272014,5.806528598015699
2022-12-07 09:23:26.724427,0.007496419884264471,0.022489259652793414,2.0518095542211086,0.010723821688443458,0.09948488558135794,0.6666666666666666,0.14487386862000573,5.452057200836028
2022-12-07 09:23:27.846976,0.029390512555837633,0.0881715376675129,2.0704839273821563,0.018193570952862538,0.09424028463758405,0.6666666666666666,0.1372364710027436,5.150112971739105
2022-12-07 09:23:28.900153,0.044845166206359866,0.1345354986190796,2.0972075993195176,0.02888303972780708,0.09002368819179199,0.6666666666666666,0.1310960946436464,4.908525824435437
2022-12-07 09:23:30.129191,0.016511634513735773,0.04953490354120732,2.0701619554311037,0.018064782172441517,0.08538117812602744,0.6666666666666666,0.12433548583956232,4.643744913598509
2022-12-07 09:23:31.149868,0.013613886954262855,0.040841660862788565,2.0617906847037375,0.014716273881495035,0.08082215204573504,0.6666666666666666,0.1176964497535096,4.384958251878072
2022-12-07 09:23:32.267374,0.0367958674300462,0.11038760229013861,2.0981735151726753,0.029269406069070136,0.0774961684343373,0.6666666666666666,0.1128530194179952,4.196934210208202
2022-12-07 09:23:33.547879,0.0506406613253057,0.1519219839759171,2.1084766176063567,0.033390647042542736,0.07465065092518927,0.6666666666666666,0.10870926303362352,4.036587895484101
2022-12-07 09:23:34.550777,0.03776178328320384,0.11328534984961153,2.09495379566215,0.02798151826485995,0.0716397391406519,0.6666666666666666,0.1043246528915857,3.8674397342543183
2022-12-07 09:23:35.639523,-0.005382458157837389,-0.016147374473512166,2.067264207871631,0.016905683148652352,0.06810850972181323,0.6666666666666666,0.09918233540383461,3.669739882087731
2022-12-07 09:23:36.796303,0.03454206377267838,0.10362619131803513,2.082718861522153,0.023087544608861244,0.06520393132742924,0.6666666666666666,0.09495257219663499,3.5076731496581903
2022-12-07 09:23:37.754206,0.050318689374253156,0.15095606812275947,2.1084766176063567,0.033390647042542736,0.0631514613735656,0.6666666666666666,0.0919636833749317,3.3934505017500634
2022-12-07 09:23:38.701141,0.020697269877418878,0.062091809632256634,2.0688740676268935,0.017549627050757445,0.06020940754628766,0.6666666666666666,0.08767934694377116,3.2301531736535125
2022-12-07 09:23:39.627231,-0.005060486206784842,-0.015181458620354527,2.0659763200674206,0.016390528026968276,0.057382383061170286,0.6666666666666666,0.08356252084049845,3.073719792461013
2022-12-07 09:23:40.742685,0.02971248450689018,0.08913745352067054,2.076923366403207,0.02076934656128291,0.05502025167408078,0.6666666666666666,0.08012269065688188,2.943371489005339
2022-12-07 09:23:43.503943,0.049352773521095517,0.14805832056328655,2.093987879808992,0.027595151923596895,0.05325089039985602,0.6666666666666666,0.07754607601551772,2.8459485479111986
